TIME_PERIOD,ARG,AUS,AUT,BEL,BGR,BRA,CAN,CHE,CHL,CHN,CMR,COL,CPV,CRI,CZE,DEU,DNK,ESP,EST,FIN,FRA,GBR,GEO,GRC,HKG,HRV,HUN,IDN,IRL,ISL,ISR,ITA,JPN,KOR,LTU,LUX,LVA,MAR,MDG,MEX,MLT,NLD,NOR,NZL,POL,PRT,ROU,SEN,SGP,SVK,SVN,SWE,TUR,USA,ZAF,ZMB
1990,,17065.1,7677.85,9967.803334,,,27691.138,6796.279,13178.782,1143330.0,,32286.823708,,3029.093,10362.74,79364.0,5140.29,39342.191817,,4986.4,58176.0,57238.0,,10266.296226,5704.0,,10365.0,177325.69,3506.0,254.788,,56719.2,123611.0,42869.0,,381.911191,,,,87065.0,,14946.352339,4241.0,3373.0,38031.496819,9994.982277,,,3047.0,5297.999753,,8561.666506,55120.0,250181.0,36146.1228,
1991,,17284.0,7754.891,10005.802585,,,28037.42,6880.088,13422.01,1158230.0,,32949.53848,,3099.339,10308.682,79973.0,5154.09,39411.962917,,5013.7,58459.0,57439.0,,10353.20194,5752.0,,10346.0,179803.796,3526.0,258.0,,56775.5,124101.0,43296.0,,387.111344,,,,88631.0,,15067.347096,4262.0,3505.7,38109.497838,9966.710785,,,3135.0,5282.999754,,8619.684576,56055.0,253530.0,36939.7789,
1992,,17478.6,7840.709,10046.801776,,,28371.264,6943.095,13665.241,1171710.0,,33602.624918,,3168.612,10317.807,80500.0,5171.046,39504.113427,,5042.0,58740.0,57585.0,,10428.983724,5801.0,,10324.0,182316.534,3555.0,261.1,,56797.1,124567.0,43748.0,,392.411499,,,,90133.0,,15181.342157,4286.0,3542.2,38173.498674,9962.7,,,3231.0,5306.999753,,8670.700464,56986.0,256922.0,37745.4998,
1993,,17634.8,7905.632,10085.801006,,,28684.764,6988.858,13908.473,1185170.0,12864.0,34251.736285,,3238.595,10330.607,80946.0,5189.326,39590.491872,1511.3,5066.4,58986.0,57714.0,,10486.490476,5901.0,,10294.0,184864.386,3574.0,263.8,,56831.8,124938.0,44195.0,,398.011663,,,,91601.0,,15289.337477,4312.0,3585.2,38221.499301,9973.8,,,3313.0,5324.999752,,8714.5,57913.0,260282.0,38560.9994,
1994,,17805.5,7936.118,10115.800414,,,29000.663,7036.852,14151.708,1198500.0,13231.0,34863.602891,,3333.719,10336.162,81147.0,5205.613,39661.478144,1477.0,5088.3,59199.0,57862.0,,10534.065148,6035.0,,10261.0,187447.845,3586.0,266.0,,56843.4,125116.0,44642.0,,403.811833,,,,93055.0,,15380.333534,4337.0,3634.4,38252.499706,9997.8,,,3419.0,5346.899751,,8785.25,58837.0,263455.0,39382.4028,
1995,,18004.882,7948.278,10136.8,8406.067,161345.581,29302.311,7099.85921,14394.94,1211210.0,13600.0,35448.491617,,3430.694,10330.759,81308.0,5230.345,39718.895,1448.1,5107.8,59407.0,58025.0,,10562.164,6156.0,4620.03,10328.965,190067.407,3601.3,267.4,5603.375,56844.3,125436.0,45093.0,3629.1,409.512,2484.538,,,94490.0,377.784,15459.0,4359.0,3690.6,38275.0,10026.176,22680.95,,3525.0,5363.357,1988.689,8829.75,59756.0,266588.0,40203.5469,
1996,,18224.767,7959.016,10156.6,8362.826,163767.821,29610.218,7132.094406,14595.504,1223890.0,13971.0,36012.177761,,3517.828,10315.353,81466.0,5262.456,39884.246,1425.2,5124.6,59612.0,58164.0,,10608.821,6435.0,4557.097,10311.238,192723.577,3626.1,268.9,5790.175,56860.3,125711.0,45525.0,3601.613,414.462,2456.95,,,95877.0,379.998,15530.0,4381.0,3747.3,38289.0,10063.945,22607.62,,3671.0,5373.648,1989.856,8842.25,60671.0,269714.0,41015.6872,
1997,,18423.037,7968.041,10180.7,8312.068,166187.066,29905.948,7152.972156,14796.076,1236260.0,14344.0,36549.163201,,3609.802,10303.642,81510.0,5284.913,40049.974,1406.0,5139.8,59817.0,58314.0,,10661.312,6489.0,4534.92,10290.486,195416.867,3664.3,270.9,5938.025,56890.4,126011.0,45954.0,3575.137,419.85,2433.238,,,97205.0,382.787,15611.0,4405.0,3792.1,38292.0,10108.977,22545.93,,3796.0,5383.472,1986.327,8846.75,61582.0,272958.0,41824.4291,
1998,,18607.584,7976.789,10202.4,8256.786,168606.4,30155.173,7176.775813,14996.647,1247610.0,14724.0,37068.292044,,3697.323,10294.943,81446.0,5303.229,40214.066,1393.1,5153.5,60032.0,58475.0,,10720.566,6544.0,4532.136,10266.57,198147.795,3714.18,274.0,6096.125,56906.7,126349.0,46287.0,3549.331,425.195,2409.875,,,98485.0,385.269,15707.0,4431.0,3821.8,38284.0,10160.196,22502.8,,3927.0,5390.838,1982.353,8851.75,62464.0,276154.0,42615.2393,
1999,,18812.264,7992.323,10226.4,8210.624,171029.011,30401.286,7214.76625,15197.213,1257860.0,15113.0,37585.12874,,3787.072,10282.784,81422.0,5320.516,40369.667,1379.2,5165.5,60336.0,58684.0,,10761.705,6607.0,4512.598,10237.53,200916.888,3754.775,277.4,6257.325,56916.3,126587.0,46617.0,3524.238,431.338,2390.112,,,99706.0,387.484,15812.0,4462.0,3842.9,38270.0,10217.828,22458.02,9048.236461,3959.0,5395.608,1983.714,8857.5,63364.0,279328.0,43378.8574,
2000,36784.0,19028.802,8011.566,10251.2,8170.172,173765.726,30685.73,7252.603844,15397.784,1267430.0,15514.0,38119.3935,,3869.832,10272.503,81457.0,5338.491,40554.387,1401.3,5176.2,60746.0,58886.0,,10805.796,6665.0,4468.302,10210.971,205132.483,3804.254,281.2,6437.325,56942.1,126831.0,47008.0,3499.536,436.975,2367.612,,,100896.0,389.962,15926.0,4491.0,3865.4,38255.945,10289.898,22435.21,9310.635318,4028.0,5400.704,1989.395,8871.25,64269.0,282398.0,44107.8586,
2001,37156.0,19274.701,8042.293,10286.6,7913.301,176208.646,31020.855,7288.489531,15571.679,1276270.0,15929.0,38609.398,,3953.042,10224.192,81517.0,5357.285,40766.049,1392.7,5188.0,61184.0,59113.0,,10862.146,6714.0,4300.45,10187.576,208250.492,3863.795,285.0,6595.3,56979.8,127132.0,47370.0,3470.818,441.862,2337.7,,,102122.0,393.095,16046.0,4514.0,3899.5,38250.79,10362.722,22408.39,9580.643743,4138.0,5379.528,1991.951,8896.75,65166.0,285225.0,44819.777,
2002,37516.0,19495.21,8082.121,10332.8,7868.9,178499.255,31359.199,7340.577344,15745.583,1284530.0,16358.0,39106.6975,,4023.422,10200.774,81578.0,5375.575,41423.52,1383.5,5200.6,61624.0,59366.0,,10902.005,6744.0,4305.439,10158.608,211415.902,3931.85,287.5,6724.45,57089.8,127400.0,47645.0,3443.067,446.65,2310.375,,,103418.0,395.933,16149.0,4538.0,3970.0,38232.301,10419.631,21675.78,9858.482411,4176.0,5378.661,1995.032,8926.75,66003.0,287955.0,45920.830606,
2003,37870.0,19720.737,8118.245,10376.1,7823.557,180708.344,31642.461,7394.05275,15919.479,1292270.0,16801.0,39593.788333,,4081.883,10201.651,81549.0,5389.521,42196.231,1375.2,5213.0,62053.0,59637.0,,10928.091,6731.0,4305.555,10129.552,214629.366,3996.994,289.5,6809.35,57399.2,127634.0,47892.0,3415.213,452.262,2288.088,,,104720.0,398.567,16225.0,4565.0,4044.9,38195.177,10458.821,21574.37,10144.378401,4115.0,5379.331,1996.278,8957.75,66795.0,290626.0,46460.58146,
2004,38226.0,19932.722,8169.441,10421.1,7781.161,182865.043,31938.807,7443.493906,16090.05447,1299880.0,17259.0,40066.908,,4147.673,10206.923,81456.0,5403.04,42859.172,1366.3,5228.2,62501.0,59950.0,,10955.163,6784.0,4308.293,10107.146,217891.804,4067.346,292.1,6922.1,57828.2,127734.0,48083.0,3377.075,458.512,2263.0,,,105952.0,401.16,16282.0,4592.0,4101.3,38180.249,10483.861,21451.85,10438.565375,4167.0,5382.364,1997.271,8993.5,67599.0,293262.0,47020.712718,
2005,38592.0,20176.844,8225.278,10478.6,7739.9,184991.143,32242.732,7487.641344,16283.29545,1307560.0,17733.0,40532.688083,,4214.242,10234.092,81337.0,5418.559,43662.613,1358.9,5246.1,62964.0,60413.0,,10987.352,6813.0,4311.674,10087.065,221203.704,4160.009,296.7,7033.925,58166.7,127755.0,48185.0,3322.528,465.7,2238.75,,,107155.784,403.797,16320.0,4623.0,4148.0,38161.313,10503.33,21319.67,10741.283771,4266.0,5387.099,2000.813,9026.75,68435.0,295993.0,47601.908748,
2006,38971.0,20450.966,8267.948,10548.0,7699.02,187061.61,32571.193,7534.377719,16426.18131,1314480.0,18224.0,41010.995167,,4280.966,10266.646,81173.0,5436.756,44360.521,1350.7,5266.3,63394.0,60827.0,,11020.393,6857.0,4313.009,10071.37,224566.029,4269.823,303.8,7173.9,58399.9,127838.0,48438.0,3269.909,472.925,2218.662,,,108416.556,405.251,16346.0,4661.0,4196.7,38132.277,10522.288,21193.75,11052.781,4401.0,5390.92,2007.848,9083.25,69295.0,298818.0,48204.889342,11971.567
2007,39356.0,20827.622,8295.189,10625.7,7659.764,189038.268,32888.886,7601.839063,16598.35175,1321290.0,18730.0,41463.28575,496.1895,4340.634,10322.689,80992.0,5460.399,45236.004,1342.9,5288.7,63775.0,61319.0,,11048.499,6916.0,4312.749,10055.78,227979.424,4400.184,311.6,7318.65,58756.2,127980.0,48684.0,3231.294,480.7,2201.025,30841.0,19924.958,109795.643,406.738,16382.0,4709.0,4235.3,38115.967,10542.964,20882.98,11373.311,4589.0,5396.568,2018.865,9146.0,70158.0,301696.0,48830.411277,12402.073
2008,39746.0,21249.199,8321.541,10710.0,7623.395,191010.274,33247.298,7692.100906,16763.59525,1328020.0,19253.0,41911.459083,501.355,4402.775,10429.692,80764.0,5492.726,45983.169,1338.4,5313.4,64121.0,61824.0,,11077.863,6958.0,4310.882,10038.188,231444.727,4496.032,317.4,7481.875,59211.2,128045.0,49055.0,3198.231,489.225,2177.725,31178.0,20513.599,109326.768,409.375,16446.0,4768.0,4271.0,38115.909,10558.177,20537.85,11703.137,4839.0,5405.86,2021.972,9218.1,71052.0,304543.0,49561.65,12852.966
2009,40134.0,21691.653,8341.483,10796.5,7585.131,192980.905,33630.069,7779.185844,16927.785,1334500.0,19790.0,42384.604833,506.141,4470.132,10491.492,80483.0,5522.588,46367.55,1335.7,5338.9,64441.0,62261.0,,11107.024,6973.0,4306.322,10022.65,234962.716,4539.158,318.5,7617.425,59555.5,128034.0,49308.0,3162.916,498.218,2141.988,31514.0,21117.092,110852.012,412.452,16530.0,4829.0,4317.9,38153.389,10568.247,20367.44,12042.528,4988.0,5417.758,2041.66,9296.5,72039.0,307240.0,50223.59,13318.087
2010,40788.453,22031.75,8361.069,10895.6,7534.289,194890.682,34005.902,7839.1045,17063.927,1340910.0,20341.0,42880.824833,509.7845,4546.674,10517.247,80284.0,5547.363,46562.483,1333.3,5363.4,64748.0,62760.0,3786.695,11121.383,7024.0,4296.352,10000.023,238518.8,4559.769,314.7,7761.05,59819.4,128043.0,49554.0,3097.282,507.538,2097.288,31851.0,21731.053,112363.037,414.47,16615.0,4889.0,4362.8,38042.403,10573.1,20246.8,12391.761,5077.0,5429.973,2048.821,9377.0,73142.0,309839.0,50896.27,13792.086
2011,41261.49,22340.024,8388.534,11038.3,7348.328,196603.732,34339.221,7909.4155,17254.159,1349160.0,20906.0,43325.6005,511.4465,4589.639,10496.672,80275.0,5570.213,46736.257,1329.7,5388.3,65055.0,63285.0,3756.4405,11104.944,7072.0,4282.921,9971.727,241990.7,4578.543,312.5,7919.85,60026.8,127831.0,49937.0,3028.115,519.425,2058.825,32186.0,22348.158,113692.425,416.272,16693.0,4953.0,4392.5,38051.032,10574.536,20147.66,12751.123,5184.0,5398.108,2052.839,9448.8,74224.0,312295.0,51580.12,14265.814
2012,41733.271,22733.465,8426.311,11106.9,7264.89,198314.934,34713.395,7995.89,17443.491,1359220.0,21485.0,43752.2765,511.955,4650.517,10506.87,80426.0,5590.77,46749.303,1325.2,5414.0,65362.0,63711.0,3728.8735,11045.01,7150.0,4269.062,9913.588,245425.2,4597.439,314.5,8078.925,60191.2,127552.0,50200.0,2989.139,531.5,2033.65,32597.0,22966.24,115013.177,420.062,16755.0,5019.0,4417.7,38059.134,10531.42,20060.18,13120.905,5312.0,5406.244,2056.768,9517.25,75176.0,314725.0,52275.31,14744.658
2013,42202.935,23128.129,8477.23,11159.4,7160.005,200004.188,35080.992,8089.15775,17611.902002,1367260.0,22077.0,44164.648083,512.225,4710.354,10502.381,80646.0,5613.263,46581.124,1320.2,5439.0,65684.0,64139.0,3717.6675,10965.214,7179.0,4254.475,9872.734,248818.1,4620.042,317.8,8223.925,60311.6,127333.0,50429.0,2961.25,545.325,2012.812,32950.0,23588.074,116353.584,426.073,16804.0,5080.0,4461.5,38031.632,10473.991,19988.69,13510.0,5399.0,5413.003,2059.547,9598.95,76148.0,317099.0,52982.37,15234.976
2014,42669.5,23475.686,8543.932,11209.1,7073.572,201717.541,35434.066,8188.5415,17787.617006,1376460.0,22682.0,44914.122417,512.3255,4770.658,10503.791,80983.0,5643.346,46433.05,1315.8,5462.5,66021.0,64620.0,3719.4135,10892.381,7229.0,4236.063,9833.038,252164.8,4652.46,321.4,8374.8,60320.7,127262.0,50747.0,2937.253,558.325,1994.25,33772.0,24215.976,117701.008,434.881,16865.0,5137.0,4541.9,38006.154,10419.607,19916.45,13925.802,5470.0,5418.559,2061.8,9697.025,77182.0,319601.0,53701.49,15737.793
2015,43131.966,23815.995,8629.519,11274.2,6984.225,203475.683,35704.498,8289.76675,17971.423,1383260.0,23298.0,45348.453167,512.3935,4829.654,10507.55,81687.0,5682.449,46384.379,1313.3,5480.5,66314.0,65088.0,3725.276,10820.912,7291.0,4207.993,9797.755,255587.5,4695.773,324.5,8532.8,60229.6,127110.0,51015.0,2911.109,569.4,1977.312,34124.0,24850.913,119050.487,445.345,16940.0,5190.0,4638.2,37981.588,10381.838,19822.25,14356.575,5535.0,5422.343,2063.298,9799.186,78218.0,322113.0,54432.73,16248.23
2016,43590.368,24190.907,8739.806,11331.4,6894.139,205156.587,36110.803,8379.319,18167.147,1392320.0,23927.0,45844.571,512.5545,4887.976,10513.668,82349.0,5728.752,46427.1,1315.9,5495.3,66563.0,65607.0,3727.505,10775.979,7337.0,4172.441,9759.755,258496.5,4752.464,329.3,8690.775,60115.2,126933.0,51218.0,2877.325,584.125,1959.338,34487.0,25501.941,120419.474,455.671,17030.0,5236.0,4742.2,37956.779,10356.516,19706.42,14799.859,5607.0,5430.804,2064.633,9915.43725,79278.0,324609.0,55173.51,16767.761
2017,44044.811,24592.588,8795.073,11375.2,6803.468,206804.741,36545.075,8457.41275,18419.192001,1400110.0,24566.0,46421.760667,512.893,4944.804,10520.948,82657.0,5765.103,46510.461,1315.6,5508.2,66830.0,65966.0,3728.0035,10754.688,7393.0,4129.853,9726.756,261355.5,4821.083,337.3,8849.4,60002.3,126706.0,51362.0,2842.639,596.976,1941.162,34851.0,26169.542,121808.909,468.495,17131.0,5277.0,4837.7,37962.318,10340.124,19592.93,15256.0,5612.0,5438.389,2065.819,10057.6975,80313.0,326860.0,55905.55,17298.054
2018,44494.502,24963.258,8837.707,11427.1,6710.798,208494.9,37072.62,8518.32975,18751.405001,1405410.0,25216.0,47241.101333,513.415,5000.928,10534.226,82906.0,5793.868,46715.383,1319.133,5516.2,67135.0,66289.0,3726.5485,10732.887,7453.0,4090.87,9706.964,264161.6,4890.407,345.8,9010.325,59877.2,126443.0,51585.0,2819.2,608.805,1926.25,35219.0,26846.541,123336.376,485.229,17232.0,5312.0,4919.7,37956.268,10334.633,19483.84,15726.0,5639.0,5446.011,2071.956,10175.2135,81407.0,328794.0,56622.82,17835.893
2019,44938.712,25334.826,8877.637,11489.0,6616.726,210147.125,37618.495,8579.5675,19107.216,1410080.0,25876.0,48322.80725,514.104,5055.238,10550.313,83093.0,5816.94,47087.778,1324.82,5521.6,67396.0,66631.0,3720.161,10721.566,7508.0,3987.056049,9694.824,266911.9,4967.462,351.8,9172.55,59729.1,126166.9,51765.0,2811.089,621.527,1913.188,35587.0,27533.134,124960.089,504.736,17345.0,5348.0,5001.6,37948.14,10354.446,19394.23,16209.111,5704.0,5453.244,2089.014,10284.0735,82579.0,330513.0,57341.7,18380.477
2020,45376.8,25649.248,8916.845,11538.7,6550.696,211755.692,38028.638,8644.345,19458.31,1412120.0,26546.0,49260.97125,514.6795,5108.539,10502.151,83161.0,5829.703,47344.852,1328.889,5530.7,67627.0,66744.0,3722.7155,10698.59,7481.0,3950.397125,9670.419,270203.9,5034.43,356.2,9325.075,59438.9,125708.4,51836.0,2810.369,631.145,1900.862,35952.0,28225.177,126383.323,515.877,17442.0,5379.0,5077.0,37165.86,10384.846,19296.08,16705.608,5686.0,5460.51,2102.8,10353.442,83385.0,331840.0,58064.78,18927.715
2021,45808.8,25685.412,8951.541,11586.3,6507.301,213317.639,38239.864,8708.2185,19678.363007,1412600.0,26915.758,49941.37375,516.649,5161.05,10500.85,83196.0,5854.42,47346.836,1330.068,5541.5,67939.0,66984.0,3708.61,10640.409,7413.0,3922.939375,9630.932,272682.5,5091.848,361.6,9478.675,59133.2,125502.0,51770.0,2808.38,641.137,1884.75,36310.0,28915.653,127615.215,518.68,17533.0,5408.0,5084.6,36972.726,10407.707,19140.43,17223.497,5454.0,5440.661,2107.73,10415.8105,84147.0,332505.0,58790.99,19473.125
2022,46234.83,26014.399,9052.872,11680.2,6465.097,,38935.934,8782.33175,19828.563,1411750.0,27632.771,50495.179417,519.741,5211.341,10759.525,83798.0,5906.385,47781.354,1331.796,5556.9,68197.0,67604.0,3712.502,10579.183,7346.0,3917.982125,9605.074,275773.8,5199.746,370.1,9654.65,59013.7,124947.0,51673.0,2831.638,655.277,1886.225,36669.0,29611.714,128582.096,530.684,17701.0,5457.0,5105.0,37779.208,10468.869,19052.69,17738.795,5637.0,5457.173,2109.393,10527.17775,84980.0,334372.0,59517.24,
2023,46654.6,26652.777,9130.731,11780.0,6446.596,,40083.484,8915.2855,19960.889001,1409670.0,28372.687,51027.875574,522.3305,5260.078,10878.042,84514.0,5947.987,48382.506,1365.884,5577.4,68372.0,68492.0,3715.4825,10548.14,7536.0,3942.315625,9592.186,,5295.866,379.5,9845.225,58984.2,124352.0,51713.0,2871.585,667.755,1881.538,37021.0,30325.732,129317.73,,17877.0,5520.0,5231.0,37630.448,10578.174,19065.22,,5918.0,5457.49,2120.544,10599.407,85326.0,337141.0,60231.0,
