TIME_PERIOD,REF_AREA,value,decade,region
1990,Australia,17.837754539967538,1990,Oceania
1990,Austria,19.382972055979213,1990,Europe
1990,Belgium,18.67452394100375,1990,Europe
1990,Canada,20.229752818392654,1990,Americas
1990,Chile,4.714045728960385,1990,Americas
1990,China (People’s Republic of),0.9837179729386968,1990,Other
1990,Colombia,5.126493441935821,1990,Americas
1990,Czechia,12.769715635054048,1990,Europe
1990,Denmark,18.22971777856891,1990,Europe
1990,Finland,18.13488729343815,1990,Europe
1990,France,17.497219076595158,1990,Europe
1990,Germany,19.537992263494782,1990,Europe
1990,Greece,13.028748251122206,1990,Europe
1990,Hong Kong (China),18.25338131136045,1990,Asia
1990,Iceland,21.97371932744085,1990,Europe
1990,Ireland,13.76498431260696,1990,Europe
1990,Italy,18.667890696624774,1990,Europe
1990,Japan,19.891091577610407,1990,Asia
1990,Korea,8.664379924887449,1990,Asia
1990,Luxembourg,29.924242256624527,1990,Europe
1990,Mexico,7.536467753976913,1990,Americas
1990,Netherlands,19.19685295062413,1990,Europe
1990,New Zealand,14.68098606581678,1990,Oceania
1990,Norway,18.45060929026173,1990,Europe
1990,Poland,6.224386542728359,1990,Europe
1990,Portugal,11.758066472057235,1990,Europe
1990,Singapore,23.816191335740072,1990,Asia
1990,South Africa,7.203196852969249,1990,Other
1990,Spain,13.501571225893755,1990,Europe
1990,Sweden,20.374835305457296,1990,Europe
1990,Switzerland,28.104347393625247,1990,Europe
1990,Türkiye,8.286090384615385,1990,Other
1990,United Kingdom,17.057305443935846,1990,Europe
1990,United States,23.83531922887829,1990,Americas
1991,Australia,18.17717721592224,1990,Oceania
1991,Austria,20.522183612896686,1990,Europe
1991,Belgium,19.585282973079966,1990,Europe
1991,Canada,20.22468058758616,1990,Americas
1991,Chile,5.166520364684574,1990,Americas
1991,China (People’s Republic of),1.0978848544762267,1990,Other
1991,Colombia,5.338114435404377,1990,Americas
1991,Costa Rica,5.499863035311723,1990,Americas
1991,Czechia,11.72939110935811,1990,Europe
1991,Denmark,19.05571128948078,1990,Europe
1991,Finland,17.550373576400663,1990,Europe
1991,France,18.20763665132828,1990,Europe
1991,Germany,21.068851962537355,1990,Europe
1991,Greece,13.770331712471163,1990,Europe
1991,Hong Kong (China),19.78022826842837,1990,Asia
1991,Hungary,8.368964430697854,1990,Europe
1991,Iceland,22.383856589147285,1990,Europe
1991,Ireland,14.422805161656267,1990,Europe
1991,Italy,19.5766701834418,1990,Europe
1991,Japan,21.20424099725224,1990,Asia
1991,Korea,9.824958772172948,1990,Asia
1991,Luxembourg,33.158899109916035,1990,Europe
1991,Mexico,7.976826832598075,1990,Americas
1991,Netherlands,20.166841253737854,1990,Europe
1991,New Zealand,14.51642553555638,1990,Oceania
1991,Norway,19.566023697794463,1990,Europe
1991,Poland,5.971189438583858,1990,Europe
1991,Portugal,12.722669166927172,1990,Europe
1991,Singapore,25.531042743221693,1990,Asia
1991,South Africa,7.212440164334606,1990,Other
1991,Spain,14.28819772783001,1990,Europe
1991,Sweden,20.682323399208336,1990,Europe
1991,Switzerland,28.43799512448097,1990,Europe
1991,Türkiye,8.501467915440193,1990,Other
1991,United Kingdom,17.37858890301015,1990,Europe
1991,United States,24.28954758805664,1990,Americas
1992,Australia,19.15743223141441,1990,Oceania
1992,Austria,21.194746418978184,1990,Europe
1992,Belgium,20.255232514502836,1990,Europe
1992,Canada,20.62620896975193,1990,Americas
1992,Chile,5.827459391312601,1990,Americas
1992,China (People’s Republic of),1.26870915499569,1990,Other
1992,Colombia,5.585122991372849,1990,Americas
1992,Costa Rica,6.008485734447765,1990,Americas
1992,Czechia,11.925369121558486,1990,Europe
1992,Denmark,19.81910990542339,1990,Europe
1992,Finland,17.259529155097184,1990,Europe
1992,France,18.8242987402111,1990,Europe
1992,Germany,21.83997136645963,1990,Europe
1992,Greece,14.079675919149034,1990,Europe
1992,Hong Kong (China),21.310841406654028,1990,Asia
1992,Hungary,8.315083397907788,1990,Europe
1992,Iceland,21.858900804289544,1990,Europe
1992,Ireland,15.12031223628692,1990,Europe
1992,Italy,20.182172205975306,1990,Europe
1992,Japan,21.80091846957862,1990,Asia
1992,Korea,10.561494331169426,1990,Asia
1992,Luxembourg,34.065281048249815,1990,Europe
1992,Mexico,8.313769252105223,1990,Americas
1992,Netherlands,20.820804427641097,1990,Europe
1992,New Zealand,14.892982045056746,1990,Oceania
1992,Norway,20.611168688754084,1990,Europe
1992,Poland,6.250367435209955,1990,Europe
1992,Portugal,13.159672478344223,1990,Europe
1992,Singapore,27.0193150727329,1990,Asia
1992,Slovak Republic,7.276174636746775,1990,Europe
1992,South Africa,7.056034081180719,1990,Other
1992,Spain,14.715200989745275,1990,Europe
1992,Sweden,20.785550573252973,1990,Europe
1992,Switzerland,28.80951751344321,1990,Europe
1992,Türkiye,9.064985084055731,1990,Other
1992,United Kingdom,17.80067621776504,1990,Europe
1992,United States,25.37862464094161,1990,Americas
1993,Australia,20.184772948941863,1990,Oceania
1993,Austria,21.6323152911747,1990,Europe
1993,Belgium,20.456495312297065,1990,Europe
1993,Cameroon,1.639960976368159,1990,Other
1993,Canada,21.44005253102309,1990,Americas
1993,Chile,6.2707467599067135,1990,Americas
1993,China (People’s Republic of),1.4628851278719508,1990,Other
1993,Colombia,5.9303804720975775,1990,Americas
1993,Costa Rica,6.445100112857582,1990,Americas
1993,Czechia,12.200462567204424,1990,Europe
1993,Denmark,20.200958082032237,1990,Europe
1993,Estonia,5.741664130219017,1990,Europe
1993,Finland,17.44634770251066,1990,Europe
1993,France,19.10886198419964,1990,Europe
1993,Germany,21.99718247967781,1990,Europe
1993,Greece,14.105020582293044,1990,Europe
1993,Hong Kong (China),22.77618912048805,1990,Asia
1993,Hungary,8.487803672041967,1990,Europe
1993,Iceland,22.43890447308567,1990,Europe
1993,Indonesia,4.7676302562679655,1990,Asia
1993,Ireland,15.810992725237828,1990,Europe
1993,Italy,20.47185639026038,1990,Europe
1993,Japan,22.149219700971685,1990,Asia
1993,Korea,11.438544269713768,1990,Asia
1993,Luxembourg,35.826342103949855,1990,Europe
1993,Mexico,8.651246536609863,1990,Americas
1993,Netherlands,21.42993465170669,1990,Europe
1993,New Zealand,15.906372866227828,1990,Oceania
1993,Norway,21.56920477736549,1990,Europe
1993,Poland,6.629382981671014,1990,Europe
1993,Portugal,13.18165283041569,1990,Europe
1993,Singapore,30.06641291880471,1990,Asia
1993,Slovak Republic,7.564610680943372,1990,Europe
1993,South Africa,7.157746720641272,1990,Other
1993,Spain,14.876089463706071,1990,Europe
1993,Sweden,20.733975443226804,1990,Europe
1993,Switzerland,29.26237233608123,1990,Europe
1993,Türkiye,9.865661992989484,1990,Other
1993,United Kingdom,18.63458034445715,1990,Europe
1993,United States,26.35049292690236,1990,Americas
1994,Australia,21.434245205133244,1990,Oceania
1994,Austria,22.538075290715184,1990,Europe
1994,Belgium,21.503589345134746,1990,Europe
1994,Cameroon,1.6025327639634193,1990,Other
1994,Canada,22.632831256306105,1990,Americas
1994,Chile,6.653874500519654,1990,Americas
1994,China (People’s Republic of),1.67065229119733,1990,Other
1994,Colombia,6.284421454804941,1990,Americas
1994,Costa Rica,6.683886974277076,1990,Americas
1994,Czechia,12.816631163482151,1990,Europe
1994,Denmark,21.657261306209275,1990,Europe
1994,Estonia,5.901905213270142,1990,Europe
1994,Finland,18.44549712084586,1990,Europe
1994,France,19.91575970877886,1990,Europe
1994,Germany,22.968940576977584,1990,Europe
1994,Greece,14.627983388659407,1990,Europe
1994,Hong Kong (China),24.11893487986744,1990,Asia
1994,Hungary,8.95324675957509,1990,Europe
1994,Iceland,23.548763157894737,1990,Europe
1994,Indonesia,5.164408729265466,1990,Asia
1994,Ireland,17.02096207473508,1990,Europe
1994,Italy,21.354416537364056,1990,Europe
1994,Japan,22.83475170242016,1990,Asia
1994,Korea,12.637823641413917,1990,Asia
1994,Luxembourg,37.44385073530027,1990,Europe
1994,Mexico,9.08012159475579,1990,Americas
1994,Netherlands,22.4023338790619,1990,Europe
1994,New Zealand,17.04334993396434,1990,Oceania
1994,Norway,23.010058565828917,1990,Europe
1994,Poland,7.12354343099985,1990,Europe
1994,Portugal,13.560403988877551,1990,Europe
1994,Singapore,33.058001754899095,1990,Asia
1994,Slovak Republic,8.171986765195665,1990,Europe
1994,South Africa,7.387156326581475,1990,Other
1994,Spain,15.528012162430414,1990,Europe
1994,Sweden,21.831495290401524,1990,Europe
1994,Switzerland,30.060313049073645,1990,Europe
1994,Türkiye,9.376986505090334,1990,Other
1994,United Kingdom,19.71394599218831,1990,Europe
1994,United States,27.66026835702492,1990,Americas
1995,Australia,22.444078889270145,1990,Oceania
1995,Austria,23.5884542538648,1990,Europe
1995,Belgium,22.43149346933944,1990,Europe
1995,Brazil,8.1164576301597,1990,Americas
1995,Bulgaria,7.737724907498359,1990,Other
1995,Cameroon,1.6634153676470589,1990,Other
1995,Canada,23.485643436109868,1990,Americas
1995,Chile,7.388385641065541,1990,Americas
1995,China (People’s Republic of),1.8739795138745552,1990,Other
1995,Colombia,6.646387314460833,1990,Americas
1995,Costa Rica,6.906601696333162,1990,Americas
1995,Croatia,8.04644190622139,1990,Other
1995,Czechia,13.943328171724849,1990,Europe
1995,Denmark,22.6746774830341,1990,Europe
1995,Estonia,6.424123334023894,1990,Europe
1995,Finland,19.554832804730022,1990,Europe
1995,France,20.73448241789688,1990,Europe
1995,Germany,23.72244379396861,1990,Europe
1995,Greece,15.207739247373928,1990,Europe
1995,Hong Kong (China),24.71364847303444,1990,Asia
1995,Hungary,9.21610064512756,1990,Europe
1995,Iceland,23.944562453253557,1990,Europe
1995,Indonesia,5.627464160649069,1990,Asia
1995,Ireland,18.97119040346541,1990,Europe
1995,Israel,20.394980703593816,1990,Other
1995,Italy,22.431236166159135,1990,Europe
1995,Japan,23.86591363723333,1990,Asia
1995,Korea,14.001921207282727,1990,Asia
1995,Latvia,5.342655254216277,1990,Europe
1995,Lithuania,5.967199856713785,1990,Europe
1995,Luxembourg,38.236779386196254,1990,Europe
1995,Malta,13.96800023293734,1990,Other
1995,Mexico,8.590138575510636,1990,Americas
1995,Netherlands,23.464761627530887,1990,Europe
1995,New Zealand,17.801809461876115,1990,Oceania
1995,Norway,24.345328056893784,1990,Europe
1995,Poland,7.773947171783147,1990,Europe
1995,Portugal,14.396831055030354,1990,Europe
1995,Romania,5.42620172435458,1990,Other
1995,Singapore,35.08515120567376,1990,Asia
1995,Slovak Republic,8.80379098389311,1990,Europe
1995,Slovenia,13.636315683347169,1990,Europe
1995,South Africa,7.617036296864643,1990,Other
1995,Spain,16.26723190562074,1990,Europe
1995,Sweden,23.06130796455166,1990,Europe
1995,Switzerland,30.56455706816756,1990,Europe
1995,Türkiye,10.10425431755807,1990,Other
1995,United Kingdom,20.57891317535545,1990,Europe
1995,United States,28.657512716251293,1990,Americas
1996,Australia,23.29099208785495,1990,Oceania
1996,Austria,24.41766306287109,1990,Europe
1996,Belgium,22.736835456747336,1990,Europe
1996,Brazil,8.322668499082003,1990,Americas
1996,Bulgaria,6.846447002484567,1990,Other
1996,Cameroon,1.7183897358814688,1990,Other
1996,Canada,24.05017612501198,1990,Americas
1996,Chile,7.970381084476425,1990,Americas
1996,China (People’s Republic of),2.0769327374192126,1990,Other
1996,Colombia,6.767940573256575,1990,Americas
1996,Costa Rica,6.951481994003117,1990,Americas
1996,Croatia,8.802351804229755,1990,Other
1996,Czechia,14.775164165491963,1990,Europe
1996,Denmark,23.71673131328794,1990,Europe
1996,Estonia,6.842858546168958,1990,Europe
1996,Finland,20.05988447878859,1990,Europe
1996,France,21.311383966315507,1990,Europe
1996,Germany,24.293175656101933,1990,Europe
1996,Greece,15.77248819637922,1990,Europe
1996,Hong Kong (China),25.100206060606062,1990,Asia
1996,Hungary,9.384080844608572,1990,Europe
1996,Iceland,24.768549646708816,1990,Europe
1996,Indonesia,6.093356242552514,1990,Asia
1996,Ireland,20.538369598190894,1990,Europe
1996,Israel,21.28599878242022,1990,Other
1996,Italy,23.092176826362152,1990,Europe
1996,Japan,25.009682088281853,1990,Asia
1996,Korea,15.23739428885228,1990,Asia
1996,Latvia,5.63671788192678,1990,Europe
1996,Lithuania,6.419671408338431,1990,Europe
1996,Luxembourg,39.684745525524654,1990,Europe
1996,Malta,14.652635013868494,1990,Other
1996,Mexico,9.15694888242227,1990,Americas
1996,Netherlands,24.555749001931744,1990,Europe
1996,New Zealand,18.366342700077382,1990,Oceania
1996,Norway,26.818371376398083,1990,Europe
1996,Poland,8.379964794066181,1990,Europe
1996,Portugal,14.916452643570688,1990,Europe
1996,Romania,5.7464220028468285,1990,Other
1996,Singapore,36.869730591119584,1990,Asia
1996,Slovak Republic,9.495536365612336,1990,Europe
1996,Slovenia,14.270201461814322,1990,Europe
1996,South Africa,7.929814717330885,1990,Other
1996,Spain,16.967322736902183,1990,Europe
1996,Sweden,23.939226215047075,1990,Europe
1996,Switzerland,31.23168235302801,1990,Europe
1996,Türkiye,10.828153302236652,1990,Other
1996,United Kingdom,21.93954356646723,1990,Europe
1996,United States,29.93215776711628,1990,Americas
1997,Australia,24.47819547884532,1990,Oceania
1997,Austria,25.294723383074963,1990,Europe
1997,Belgium,23.729158996925552,1990,Europe
1997,Brazil,8.626173296783518,1990,Americas
1997,Bulgaria,5.749345770511021,1990,Other
1997,Cameroon,1.7796475878416065,1990,Other
1997,Canada,25.259725356307047,1990,Americas
1997,Chile,8.589099772128773,1990,Americas
1997,China (People’s Republic of),2.285869410965331,1990,Other
1997,Colombia,7.0001967922756645,1990,Americas
1997,Costa Rica,7.268555172832193,1990,Americas
1997,Croatia,9.533557813588772,1990,Other
1997,Czechia,14.908347553224386,1990,Europe
1997,Denmark,24.881611674591426,1990,Europe
1997,Estonia,7.94122759601707,1990,Europe
1997,Finland,21.78216058990622,1990,Europe
1997,France,22.241000651988564,1990,Europe
1997,Germany,24.802341540915226,1990,Europe
1997,Greece,16.626489872916203,1990,Europe
1997,Hong Kong (China),26.611846201263678,1990,Asia
1997,Hungary,9.844129422070056,1990,Europe
1997,Iceland,26.89072351421189,1990,Europe
1997,Indonesia,6.400304181521855,1990,Asia
1997,Ireland,22.69304778538875,1990,Europe
1997,Israel,21.898280825695416,1990,Other
1997,Italy,23.931167631094173,1990,Europe
1997,Japan,25.629420661688265,1990,Asia
1997,Korea,16.302963659311484,1990,Asia
1997,Latvia,6.307923844687615,1990,Europe
1997,Lithuania,7.102879693841103,1990,Europe
1997,Luxembourg,42.437284744551626,1990,Europe
1997,Malta,15.48854846167712,1990,Other
1997,Mexico,9.848996893163932,1990,Americas
1997,Netherlands,26.054932163218243,1990,Europe
1997,New Zealand,19.072644708736583,1990,Oceania
1997,Norway,28.604387287173665,1990,Europe
1997,Poland,9.048752298130156,1990,Europe
1997,Portugal,15.78578584163363,1990,Europe
1997,Romania,5.565031338250407,1990,Other
1997,Singapore,39.28682534246576,1990,Asia
1997,Slovak Republic,10.13437369043621,1990,Europe
1997,Slovenia,15.250464299181353,1990,Europe
1997,South Africa,8.116265094458873,1990,Other
1997,Spain,17.902517989150255,1990,Europe
1997,Sweden,24.808881566677027,1990,Europe
1997,Switzerland,32.43488370151011,1990,Europe
1997,Türkiye,11.648768341398462,1990,Other
1997,United Kingdom,23.0663474465823,1990,Europe
1997,United States,31.42443892466973,1990,Americas
1998,Australia,25.725620961861573,1990,Oceania
1998,Austria,26.52918423691538,1990,Europe
1998,Belgium,24.37019779659688,1990,Europe
1998,Brazil,8.627021305241081,1990,Americas
1998,Bulgaria,6.17764660486538,1990,Other
1998,Cameroon,1.8360509372453135,1990,Other
1998,Canada,26.31993024878352,1990,Americas
1998,Chile,8.927893015018622,1990,Americas
1998,China (People’s Republic of),2.4719584894317936,1990,Other
1998,Colombia,7.02202488021382,1990,Americas
1998,Costa Rica,7.689864261250641,1990,Americas
1998,Croatia,9.88892191231684,1990,Other
1998,Czechia,15.06192836618911,1990,Europe
1998,Denmark,25.80194085527892,1990,Europe
1998,Estonia,8.408400689110618,1990,Europe
1998,Finland,23.56835917337732,1990,Europe
1998,France,23.322675406449896,1990,Europe
1998,Germany,25.63197949561673,1990,Europe
1998,Greece,17.432325401476003,1990,Europe
1998,Hong Kong (China),25.11497738386308,1990,Asia
1998,Hungary,10.414600884229106,1990,Europe
1998,Iceland,28.726018248175183,1990,Europe
1998,Indonesia,5.545152611968253,1990,Asia
1998,Ireland,25.082321266066803,1990,Europe
1998,Israel,22.44222288749,1990,Other
1998,Italy,25.073668583839865,1990,Europe
1998,Japan,25.520196542908927,1990,Asia
1998,Korea,15.52827320846026,1990,Asia
1998,Latvia,6.879060532185279,1990,Europe
1998,Lithuania,7.796779167679768,1990,Europe
1998,Luxembourg,44.21562106798057,1990,Europe
1998,Malta,16.221115636088033,1990,Other
1998,Mexico,10.438423140579784,1990,Americas
1998,Netherlands,27.7473659514866,1990,Europe
1998,New Zealand,19.285784185462347,1990,Oceania
1998,Norway,28.201383660573235,1990,Europe
1998,Poland,9.614447680493155,1990,Europe
1998,Portugal,16.686941177119024,1990,Europe
1998,Romania,5.545412348685497,1990,Other
1998,Singapore,37.56164935064936,1990,Asia
1998,Slovak Republic,10.665074149881708,1990,Europe
1998,Slovenia,15.9865932051456,1990,Europe
1998,South Africa,8.09544946049382,1990,Other
1998,Spain,19.086057326309657,1990,Europe
1998,Sweden,25.892865139661648,1990,Europe
1998,Switzerland,33.5426308794467,1990,Europe
1998,Türkiye,8.937317446849384,1990,Other
1998,United Kingdom,23.69260017101325,1990,Europe
1998,United States,32.817981995553204,1990,Americas
1999,Australia,27.16036692872267,1990,Oceania
1999,Austria,27.50008627028712,1990,Europe
1999,Belgium,25.440896209809903,1990,Europe
1999,Brazil,8.665532264581708,1990,Americas
1999,Bulgaria,5.807798043120718,1990,Other
1999,Cameroon,1.9593645867795937,1990,Other
1999,Canada,27.841629561328425,1990,Americas
1999,Chile,8.9097729958776,1990,Americas
1999,China (People’s Republic of),2.6788920881497145,1990,Other
1999,Colombia,6.658492877095304,1990,Americas
1999,Costa Rica,7.934314161441874,1990,Americas
1999,Croatia,9.94261354545652,1990,Other
1999,Czechia,15.49560089952293,1990,Europe
1999,Denmark,26.648647236471053,1990,Europe
1999,Estonia,8.479421403712296,1990,Europe
1999,Finland,24.761699932242763,1990,Europe
1999,France,24.270460885706708,1990,Europe
1999,Germany,26.73884060818943,1990,Europe
1999,Greece,17.75800014960455,1990,Europe
1999,Hong Kong (China),25.85988678674133,1990,Asia
1999,Hungary,10.892485589785815,1990,Europe
1999,Iceland,29.55551550108148,1990,Europe
1999,Indonesia,5.589992972616618,1990,Asia
1999,Ireland,27.041428048285184,1990,Europe
1999,Israel,22.92018490329334,1990,Other
1999,Italy,25.65467843131054,1990,Europe
1999,Japan,25.7449165791116,1990,Asia
1999,Korea,17.428555955981725,1990,Asia
1999,Latvia,7.200919036430092,1990,Europe
1999,Lithuania,7.856704059146971,1990,Europe
1999,Luxembourg,49.74497030171234,1990,Europe
1999,Malta,16.94178856417297,1990,Other
1999,Mexico,10.74395611096624,1990,Americas
1999,Netherlands,29.31641310397167,1990,Europe
1999,New Zealand,20.53741419240678,1990,Oceania
1999,Norway,30.57313738233976,1990,Europe
1999,Poland,10.183490723804546,1990,Europe
1999,Portugal,17.71815096124147,1990,Europe
1999,Romania,5.599946789610126,1990,Other
1999,Senegal,2.0482097345576875,1990,Other
1999,Singapore,39.945985097246776,1990,Asia
1999,Slovak Republic,10.726456777438242,1990,Europe
1999,Slovenia,17.001002664698643,1990,Europe
1999,South Africa,8.259056104137958,1990,Other
1999,Spain,19.94667369933965,1990,Europe
1999,Sweden,27.49739350832628,1990,Europe
1999,Switzerland,34.40180920622342,1990,Europe
1999,Türkiye,8.6252793857711,1990,Other
1999,United Kingdom,24.492865789653056,1990,Europe
1999,United States,34.47979436361553,1990,Americas
2000,Australia,28.33313006252312,2000,Oceania
2000,Austria,29.214733049693404,2000,Europe
2000,Belgium,27.78823288980802,2000,Europe
2000,Brazil,9.104982693767816,2000,Americas
2000,Bulgaria,6.422777757922355,2000,Other
2000,Cameroon,2.0267629882686604,2000,Other
2000,Canada,29.3622895723843,2000,Americas
2000,Chile,9.440041891742345,2000,Americas
2000,China (People’s Republic of),2.9523439945401324,2000,Other
2000,Colombia,6.886405813355871,2000,Americas
2000,Costa Rica,8.247745638570356,2000,Americas
2000,Croatia,10.672236791514988,2000,Other
2000,Czechia,16.30107569693579,2000,Europe
2000,Denmark,28.64773453771862,2000,Europe
2000,Estonia,9.393476771569258,2000,Europe
2000,Finland,26.777165488195976,2000,Europe
2000,France,26.07578698185889,2000,Europe
2000,Germany,27.722217353941343,2000,Europe
2000,Greece,18.815852436969937,2000,Europe
2000,Hong Kong (China),28.224531882970744,2000,Asia
2000,Hungary,11.869131642818298,2000,Europe
2000,Iceland,29.783403271692748,2000,Europe
2000,Indonesia,5.346867570456893,2000,Asia
2000,Ireland,30.21678494653617,2000,Europe
2000,Israel,25.18907372239245,2000,Other
2000,Italy,27.14633399540937,2000,Europe
2000,Japan,27.28985193682933,2000,Asia
2000,Korea,19.22446868618108,2000,Asia
2000,Latvia,7.840673640782357,2000,Europe
2000,Lithuania,8.46593434100978,2000,Europe
2000,Luxembourg,55.03913038503346,2000,Europe
2000,Malta,18.36372774783184,2000,Other
2000,Mexico,11.440999811687282,2000,Americas
2000,Netherlands,31.88686355644857,2000,Europe
2000,New Zealand,21.457976664769493,2000,Oceania
2000,Norway,36.986221331552,2000,Europe
2000,Poland,10.719662656353153,2000,Europe
2000,Portugal,18.87906323269677,2000,Europe
2000,Romania,5.850853725015278,2000,Other
2000,Senegal,2.113668544396102,2000,Other
2000,Singapore,43.7800409632572,2000,Asia
2000,Slovak Republic,11.342340183798262,2000,Europe
2000,Slovenia,17.883540473359993,2000,Europe
2000,South Africa,8.655417517820736,2000,Other
2000,Spain,21.584772172736823,2000,Europe
2000,Sweden,29.63258390869381,2000,Europe
2000,Switzerland,36.34936991879079,2000,Europe
2000,Türkiye,9.475973782072227,2000,Other
2000,United Kingdom,26.53276936793125,2000,Europe
2000,United States,36.299662178910616,2000,Americas
2001,Australia,29.56248172150634,2000,Oceania
2001,Austria,29.55638845786892,2000,Europe
2001,Belgium,28.79650545369704,2000,Europe
2001,Brazil,9.30853222718708,2000,Americas
2001,Bulgaria,7.045375501323657,2000,Other
2001,Cameroon,2.1056881787933954,2000,Other
2001,Canada,30.231050820488345,2000,Americas
2001,Chile,9.845971073511084,2000,Americas
2001,China (People’s Republic of),3.247117553495734,2000,Other
2001,Colombia,7.068835572106044,2000,Americas
2001,Costa Rica,8.544268186373937,2000,Americas
2001,Croatia,11.652069667127858,2000,Other
2001,Czechia,17.698192874312223,2000,Europe
2001,Denmark,29.470359893117504,2000,Europe
2001,Estonia,10.276061606950528,2000,Europe
2001,Finland,27.80106322282189,2000,Europe
2001,France,27.43037580086297,2000,Europe
2001,Germany,28.970221548879373,2000,Europe
2001,Greece,20.30605287389803,2000,Europe
2001,Hong Kong (China),28.810124218051836,2000,Asia
2001,Hungary,13.224136536502897,2000,Europe
2001,Iceland,31.8818701754386,2000,Europe
2001,Indonesia,5.5816198311790775,2000,Asia
2001,Ireland,32.597558359074434,2000,Europe
2001,Israel,25.2014990978424,2000,Other
2001,Italy,28.13566509534958,2000,Europe
2001,Japan,27.946083134065383,2000,Asia
2001,Korea,20.44152355921469,2000,Asia
2001,Latvia,8.85965051118621,2000,Europe
2001,Lithuania,9.456865787834452,2000,Europe
2001,Luxembourg,56.09898112985503,2000,Europe
2001,Malta,18.51299558630865,2000,Other
2001,Mexico,11.506197626368465,2000,Americas
2001,Netherlands,33.2633632681042,2000,Europe
2001,New Zealand,22.411305039107575,2000,Oceania
2001,Norway,37.83139167035888,2000,Europe
2001,Poland,11.175679195122504,2000,Europe
2001,Portugal,19.53067225001308,2000,Europe
2001,Romania,6.44019106236548,2000,Other
2001,Senegal,2.189387744985895,2000,Other
2001,Singapore,43.10918922184631,2000,Asia
2001,Slovak Republic,12.367139273185304,2000,Europe
2001,Slovenia,18.766482207644668,2000,Europe
2001,South Africa,8.944892608457199,2000,Other
2001,Spain,23.002314524029543,2000,Europe
2001,Sweden,29.94637783460252,2000,Europe
2001,Switzerland,37.51864317523159,2000,Europe
2001,Türkiye,9.14427595678728,2000,Other
2001,United Kingdom,27.91867935987008,2000,Europe
2001,United States,37.1002857393286,2000,Americas
2002,Australia,30.82338764240037,2000,Oceania
2002,Austria,30.95153363826154,2000,Europe
2002,Belgium,30.28225408408176,2000,Europe
2002,Brazil,9.616822669652038,2000,Americas
2002,Bulgaria,7.755007942660346,2000,Other
2002,Cameroon,2.175555569140481,2000,Other
2002,Canada,30.964090887653093,2000,Americas
2002,Chile,10.205704228290562,2000,Americas
2002,China (People’s Republic of),3.579220986664384,2000,Other
2002,Colombia,7.2651779148571665,2000,Americas
2002,Costa Rica,8.816949850152431,2000,Americas
2002,Croatia,12.764969611693488,2000,Other
2002,Czechia,18.33709461654576,2000,Europe
2002,Denmark,30.66862893736949,2000,Europe
2002,Estonia,11.631679074810265,2000,Europe
2002,Finland,28.596261200630693,2000,Europe
2002,France,28.43664614435934,2000,Europe
2002,Germany,29.843073414400937,2000,Europe
2002,Greece,21.98525573965523,2000,Europe
2002,Hong Kong (China),29.610241696322657,2000,Asia
2002,Hungary,14.532307477559918,2000,Europe
2002,Iceland,32.60971478260869,2000,Europe
2002,Indonesia,5.834716510586796,2000,Asia
2002,Ireland,35.22290575683203,2000,Europe
2002,Israel,25.50179375264892,2000,Other
2002,Italy,28.83303295860206,2000,Europe
2002,Japan,28.63369891679749,2000,Asia
2002,Korea,22.17336530590828,2000,Asia
2002,Latvia,9.755454850403073,2000,Europe
2002,Lithuania,10.497270602053344,2000,Europe
2002,Luxembourg,58.513393037053625,2000,Europe
2002,Malta,19.601649774077934,2000,Other
2002,Mexico,11.549279728867315,2000,Americas
2002,Netherlands,34.56830683014429,2000,Europe
2002,New Zealand,23.18040780856423,2000,Oceania
2002,Norway,38.057575583957686,2000,Europe
2002,Poland,11.8406687057627,2000,Europe
2002,Portugal,20.3566609988396,2000,Europe
2002,Romania,7.1803901866507225,2000,Other
2002,Senegal,2.1612294987945075,2000,Other
2002,Singapore,45.08271312260536,2000,Asia
2002,Slovak Republic,13.287467828889012,2000,Europe
2002,Slovenia,19.99926567593904,2000,Europe
2002,South Africa,9.194165249807892,2000,Other
2002,Spain,24.38257277508044,2000,Europe
2002,Sweden,30.98088128378189,2000,Europe
2002,Switzerland,38.41060406923764,2000,Europe
2002,Türkiye,9.279072678514613,2000,Other
2002,United Kingdom,29.09126653303237,2000,Europe
2002,United States,37.95422201385633,2000,Americas
2003,Australia,32.40899977521124,2000,Oceania
2003,Austria,31.97545245308561,2000,Europe
2003,Belgium,30.934673721340385,2000,Europe
2003,Brazil,9.79731589483217,2000,Americas
2003,Bulgaria,8.365557380102171,2000,Other
2003,Cameroon,2.2778001904648537,2000,Other
2003,Canada,32.35167293087601,2000,Americas
2003,Chile,10.7796393964903,2000,Americas
2003,China (People’s Republic of),3.995115814806504,2000,Other
2003,Colombia,7.604164559041767,2000,Americas
2003,Costa Rica,9.244799765206402,2000,Americas
2003,Croatia,13.686395598244593,2000,Other
2003,Czechia,19.591881157275427,2000,Europe
2003,Denmark,30.874074894596387,2000,Europe
2003,Estonia,13.093931791739385,2000,Europe
2003,Finland,29.04648052944562,2000,Europe
2003,France,28.1165887708894,2000,Europe
2003,Germany,30.671363683184342,2000,Europe
2003,Greece,23.255523677465717,2000,Europe
2003,Hong Kong (China),31.177783538850097,2000,Asia
2003,Hungary,15.461932472433134,2000,Europe
2003,Iceland,32.703419689119166,2000,Europe
2003,Indonesia,6.140998441005505,2000,Asia
2003,Ireland,36.2808147823089,2000,Europe
2003,Israel,24.24473730972853,2000,Other
2003,Italy,29.252902566586297,2000,Europe
2003,Japan,29.41159288277418,2000,Asia
2003,Korea,22.90732458448175,2000,Asia
2003,Latvia,10.56513211030345,2000,Europe
2003,Lithuania,12.085963598756504,2000,Europe
2003,Luxembourg,60.11573158921156,2000,Europe
2003,Malta,20.9313741478848,2000,Other
2003,Mexico,11.865500868983956,2000,Americas
2003,Netherlands,34.291404560862865,2000,Europe
2003,New Zealand,23.88206877796732,2000,Oceania
2003,Norway,38.683481270536696,2000,Europe
2003,Poland,12.333502892263072,2000,Europe
2003,Portugal,20.852241758416174,2000,Europe
2003,Romania,7.560336964648331,2000,Other
2003,Senegal,2.262364148180596,2000,Other
2003,Singapore,48.77623572296476,2000,Asia
2003,Slovak Republic,14.074459258967332,2000,Europe
2003,Slovenia,20.91251669356673,2000,Europe
2003,South Africa,9.540048619098794,2000,Other
2003,Spain,25.055426537976818,2000,Europe
2003,Sweden,31.79312517094137,2000,Europe
2003,Switzerland,38.448898136411046,2000,Europe
2003,Türkiye,9.597982678344188,2000,Other
2003,United Kingdom,30.322920670053826,2000,Europe
2003,United States,39.41990737236173,2000,Americas
2004,Argentina,12.304683696960184,2000,Other
2004,Australia,34.019112893863664,2000,Oceania
2004,Austria,33.53337052070025,2000,Europe
2004,Belgium,32.064108779303524,2000,Europe
2004,Brazil,10.514780771959789,2000,Americas
2004,Bulgaria,9.125706433782826,2000,Other
2004,Cameroon,2.437482299090329,2000,Other
2004,Canada,33.9278555395009,2000,Americas
2004,Chile,11.682598921618194,2000,Americas
2004,China (People’s Republic of),4.491742573929901,2000,Other
2004,Colombia,8.12757957264883,2000,Americas
2004,Costa Rica,9.755749790304106,2000,Americas
2004,Croatia,14.675523693490671,2000,Other
2004,Czechia,20.97073368732183,2000,Europe
2004,Denmark,33.02904087328615,2000,Europe
2004,Estonia,14.500062211812926,2000,Europe
2004,Finland,31.19912876324548,2000,Europe
2004,France,29.020731460296638,2000,Europe
2004,Germany,32.170785712531924,2000,Europe
2004,Greece,24.82885357342469,2000,Europe
2004,Hong Kong (China),34.52971683372641,2000,Asia
2004,Hungary,16.252830621027933,2000,Europe
2004,Iceland,35.614043135912354,2000,Europe
2004,Indonesia,6.524218685159907,2000,Asia
2004,Ireland,38.76222504797969,2000,Europe
2004,Israel,25.645048612415305,2000,Other
2004,Italy,29.58478090274296,2000,Europe
2004,Japan,30.83717542705936,2000,Asia
2004,Korea,24.675035293138947,2000,Asia
2004,Latvia,11.76194785682722,2000,Europe
2004,Lithuania,13.097430468674816,2000,Europe
2004,Luxembourg,64.63556897093206,2000,Europe
2004,Malta,21.55182720111676,2000,Other
2004,Mexico,12.471701062745394,2000,Americas
2004,Netherlands,35.96504759857512,2000,Europe
2004,New Zealand,25.012074708019405,2000,Oceania
2004,Norway,42.67209995644599,2000,Europe
2004,Poland,13.415548468528844,2000,Europe
2004,Portugal,21.478442817965632,2000,Europe
2004,Romania,8.990501378668972,2000,Other
2004,Senegal,2.364570428338195,2000,Other
2004,Singapore,54.37942092632589,2000,Asia
2004,Slovak Republic,15.139500970205656,2000,Europe
2004,Slovenia,22.58787165086761,2000,Europe
2004,South Africa,10.120772431801658,2000,Other
2004,Spain,26.20158450564561,2000,Europe
2004,Sweden,33.80934808472786,2000,Europe
2004,Switzerland,39.885807222960864,2000,Europe
2004,Türkiye,10.88456688708413,2000,Other
2004,United Kingdom,32.07575247706422,2000,Europe
2004,United States,41.65966269069978,2000,Americas
2005,Argentina,13.682802757048094,2000,Other
2005,Australia,35.68335816047346,2000,Oceania
2005,Austria,34.78743988956969,2000,Europe
2005,Belgium,33.17794734029355,2000,Europe
2005,Brazil,11.0630948315185,2000,Americas
2005,Bulgaria,10.183864132611532,2000,Other
2005,Cameroon,2.5012314893137093,2000,Other
2005,Canada,36.32881239716287,2000,Americas
2005,Chile,12.60090579514726,2000,Americas
2005,China (People’s Republic of),5.133063721741259,2000,Other
2005,Colombia,8.676107350193085,2000,Americas
2005,Costa Rica,10.296531618260175,2000,Americas
2005,Croatia,15.445396150079992,2000,Other
2005,Czechia,22.065403848235874,2000,Europe
2005,Denmark,34.24383789121794,2000,Europe
2005,Estonia,16.587586283023033,2000,Europe
2005,Finland,32.04767579725892,2000,Europe
2005,France,30.536043834572133,2000,Europe
2005,Germany,32.76361632467389,2000,Europe
2005,Greece,25.00375286056185,2000,Europe
2005,Hong Kong (China),38.08069998532218,2000,Asia
2005,Hungary,17.09127610459534,2000,Europe
2005,Iceland,37.32701718907988,2000,Europe
2005,Indonesia,7.005343902378778,2000,Asia
2005,Ireland,40.465316541382485,2000,Europe
2005,Israel,25.321638772093817,2000,Other
2005,Italy,30.13781213305895,2000,Europe
2005,Japan,32.17440010958475,2000,Asia
2005,Korea,26.17910362145896,2000,Asia
2005,Latvia,13.344183584589617,2000,Europe
2005,Lithuania,14.514795059665412,2000,Europe
2005,Luxembourg,68.70778183379858,2000,Europe
2005,Malta,22.308746721743844,2000,Other
2005,Mexico,13.093888342975497,2000,Americas
2005,Netherlands,37.77817591911765,2000,Europe
2005,New Zealand,25.590441658630667,2000,Oceania
2005,Norway,47.96988535582955,2000,Europe
2005,Poland,13.93706715489585,2000,Europe
2005,Portugal,22.72528674239503,2000,Europe
2005,Romania,9.60217057768718,2000,Other
2005,Senegal,2.4717848039432453,2000,Other
2005,Singapore,58.81841186122832,2000,Asia
2005,Slovak Republic,16.5263083154774,2000,Europe
2005,Slovenia,23.678358747169277,2000,Europe
2005,South Africa,10.854753802739255,2000,Other
2005,Spain,27.623705869367004,2000,Europe
2005,Sweden,34.20891461489462,2000,Europe
2005,Switzerland,41.24464378191242,2000,Europe
2005,Türkiye,11.91060672170673,2000,Other
2005,United Kingdom,32.71974356512671,2000,Europe
2005,United States,44.052382995543816,2000,Americas
2006,Argentina,15.091579610479588,2000,Other
2006,Australia,37.96461756378648,2000,Oceania
2006,Austria,37.39917800644125,2000,Europe
2006,Belgium,35.258835039817974,2000,Europe
2006,Brazil,11.72487053329649,2000,Americas
2006,Bulgaria,11.262812799551112,2000,Other
2006,Cameroon,2.604476349868305,2000,Other
2006,Canada,38.12015454883707,2000,Americas
2006,Chile,15.589157526473208,2000,Americas
2006,China (People’s Republic of),5.930634895928428,2000,Other
2006,Colombia,9.433241827579376,2000,Americas
2006,Costa Rica,11.21435489092882,2000,Americas
2006,Croatia,17.62725767555783,2000,Other
2006,Czechia,23.854661298344173,2000,Europe
2006,Denmark,37.40385571837323,2000,Europe
2006,Estonia,19.292653438957576,2000,Europe
2006,Finland,34.44751419402616,2000,Europe
2006,France,32.54725016563082,2000,Europe
2006,Germany,35.26394506794131,2000,Europe
2006,Greece,28.0820257498984,2000,Europe
2006,Hong Kong (China),41.746100335423655,2000,Asia
2006,Hungary,18.365917149305403,2000,Europe
2006,Iceland,39.69772876892692,2000,Europe
2006,Indonesia,7.504551594488942,2000,Asia
2006,Ireland,44.271138171301246,2000,Europe
2006,Israel,25.92381898270118,2000,Other
2006,Italy,32.46054181599626,2000,Europe
2006,Japan,33.63884125220983,2000,Asia
2006,Korea,27.955465935835495,2000,Asia
2006,Latvia,15.02257126141792,2000,Europe
2006,Lithuania,16.44696289713261,2000,Europe
2006,Luxembourg,78.82997092562245,2000,Europe
2006,Malta,23.324051020231902,2000,Other
2006,Mexico,14.38569559431495,2000,Americas
2006,Netherlands,41.21712259880093,2000,Europe
2006,New Zealand,27.66391664879548,2000,Oceania
2006,Norway,54.36541128513195,2000,Europe
2006,Poland,15.211710619850995,2000,Europe
2006,Portugal,24.68256571194402,2000,Europe
2006,Romania,11.556546104393984,2000,Other
2006,Senegal,2.529067933219703,2000,Other
2006,Singapore,64.06588161781413,2000,Asia
2006,Slovak Republic,18.847103648356867,2000,Europe
2006,Slovenia,25.564026260952023,2000,Europe
2006,South Africa,11.668724929732669,2000,Other
2006,Spain,30.780824057499235,2000,Europe
2006,Sweden,37.66815104725732,2000,Europe
2006,Switzerland,45.9657396956156,2000,Europe
2006,Türkiye,13.641564384154702,2000,Other
2006,United Kingdom,34.746155292879806,2000,Europe
2006,United States,46.23410570983006,2000,Americas
2006,Zambia,2.409372223368921,2000,Other
2007,Argentina,16.731384185384695,2000,Other
2007,Australia,39.70342768848023,2000,Oceania
2007,Austria,39.19521025982651,2000,Europe
2007,Belgium,36.79955127662178,2000,Europe
2007,Brazil,12.639928747125422,2000,Americas
2007,Bulgaria,12.63077152246466,2000,Other
2007,Cabo Verde,5.5667743876079605,2000,Other
2007,Cameroon,2.715408115323011,2000,Other
2007,Canada,39.57549221946891,2000,Americas
2007,Chile,16.77118277722967,2000,Americas
2007,China (People’s Republic of),6.91739343823082,2000,Other
2007,Colombia,10.228188006060275,2000,Americas
2007,Costa Rica,12.292272741723904,2000,Americas
2007,Croatia,19.559294547398885,2000,Other
2007,Czechia,26.20784574639418,2000,Europe
2007,Denmark,39.11896328455118,2000,Europe
2007,Estonia,22.164669744582618,2000,Europe
2007,Finland,37.8444464613232,2000,Europe
2007,France,34.19669481771854,2000,Europe
2007,Germany,37.49617732615567,2000,Europe
2007,Greece,28.89686137456319,2000,Europe
2007,Hong Kong (China),45.25962738577212,2000,Asia
2007,Hungary,19.089990234472115,2000,Europe
2007,Iceland,41.468318356867776,2000,Europe
2007,Indonesia,8.07420766621465,2000,Asia
2007,Ireland,46.77088776287537,2000,Europe
2007,Israel,27.730777534108068,2000,Other
2007,Italy,34.108797063118445,2000,Europe
2007,Japan,35.021732223784966,2000,Asia
2007,Korea,30.26182359707501,2000,Asia
2007,Latvia,17.27553844231665,2000,Europe
2007,Lithuania,19.11396951190452,2000,Europe
2007,Luxembourg,85.00402745995424,2000,Europe
2007,Madagascar,1.5349623823548335,2000,Other
2007,Malta,25.06406581140685,2000,Other
2007,Mexico,14.892041107678564,2000,Americas
2007,Morocco,6.097436529295419,2000,Other
2007,Netherlands,44.2042105969967,2000,Europe
2007,New Zealand,29.27395155006729,2000,Oceania
2007,Norway,56.183130388617535,2000,Europe
2007,Poland,16.83588064288124,2000,Europe
2007,Portugal,25.73895339109571,2000,Europe
2007,Romania,13.70319705329412,2000,Other
2007,Senegal,2.588688817179096,2000,Other
2007,Singapore,68.79897079973851,2000,Asia
2007,Slovak Republic,21.146680260491483,2000,Europe
2007,Slovenia,27.45892766480176,2000,Europe
2007,South Africa,12.465549277212574,2000,Other
2007,Spain,32.53074730031415,2000,Europe
2007,Sweden,40.82343199212771,2000,Europe
2007,Switzerland,50.58966531820143,2000,Europe
2007,Türkiye,14.866450212377776,2000,Other
2007,United Kingdom,35.52529392194916,2000,Europe
2007,United States,47.9762012091642,2000,Americas
2007,Zambia,2.588269235312516,2000,Other
2008,Argentina,17.571533890202787,2000,Other
2008,Australia,40.13607072906607,2000,Oceania
2008,Austria,41.04658872677549,2000,Europe
2008,Belgium,37.88323342670402,2000,Europe
2008,Brazil,13.399986552555808,2000,Americas
2008,Bulgaria,14.100647808489525,2000,Other
2008,Cabo Verde,6.010850594887854,2000,Other
2008,Cameroon,2.769216901262141,2000,Other
2008,Canada,40.376111556494,2000,Americas
2008,Chile,16.449614291421167,2000,Americas
2008,China (People’s Republic of),7.693302909594736,2000,Other
2008,Colombia,10.651506622948272,2000,Americas
2008,Costa Rica,12.93643327219765,2000,Americas
2008,Croatia,21.01405234474059,2000,Other
2008,Czechia,27.817062766570675,2000,Europe
2008,Denmark,41.47414507841826,2000,Europe
2008,Estonia,22.781183502689775,2000,Europe
2008,Finland,40.08122595701435,2000,Europe
2008,France,35.1921633630168,2000,Europe
2008,Germany,39.084285622306965,2000,Europe
2008,Greece,30.44089595619661,2000,Europe
2008,Hong Kong (China),46.82890801954585,2000,Asia
2008,Hungary,20.70876148165386,2000,Europe
2008,Iceland,43.7300441083806,2000,Europe
2008,Indonesia,8.594058165775364,2000,Asia
2008,Ireland,44.10536446359812,2000,Europe
2008,Israel,27.43417084621168,2000,Other
2008,Italy,35.42232059137461,2000,Europe
2008,Japan,35.27874984575735,2000,Asia
2008,Korea,31.21087355009683,2000,Asia
2008,Latvia,18.631285860244063,2000,Europe
2008,Lithuania,20.7356995163889,2000,Europe
2008,Luxembourg,90.86378455720782,2000,Europe
2008,Madagascar,1.6268807828406904,2000,Other
2008,Malta,26.523786259541986,2000,Other
2008,Mexico,15.83082065501104,2000,Americas
2008,Morocco,6.493259092950157,2000,Other
2008,Netherlands,46.71317901009364,2000,Europe
2008,New Zealand,29.81709740107703,2000,Oceania
2008,Norway,62.07551384228188,2000,Europe
2008,Poland,18.377124076983183,2000,Europe
2008,Portugal,26.665829621912952,2000,Europe
2008,Romania,16.78213172264867,2000,Other
2008,Senegal,2.656978466542774,2000,Other
2008,Singapore,67.74089129985535,2000,Asia
2008,Slovak Republic,23.597312915983768,2000,Europe
2008,Slovenia,29.45136233340521,2000,Europe
2008,South Africa,12.917725640691948,2000,Other
2008,Spain,33.32886008791608,2000,Europe
2008,Sweden,41.91348943925538,2000,Europe
2008,Switzerland,53.49801309535759,2000,Europe
2008,Türkiye,16.03823166131847,2000,Other
2008,United Kingdom,36.73467677600932,2000,Europe
2008,United States,48.49844521134946,2000,Americas
2008,Zambia,2.743479598405535,2000,Other
2009,Argentina,16.472715253899437,2000,Other
2009,Australia,41.68277346129408,2000,Oceania
2009,Austria,40.6744634017716,2000,Europe
2009,Belgium,37.88589561431945,2000,Europe
2009,Brazil,13.328167146899844,2000,Americas
2009,Bulgaria,13.91766971460348,2000,Other
2009,Cabo Verde,5.900660092740955,2000,Other
2009,Cameroon,2.7806065184436584,2000,Other
2009,Canada,38.86404925306576,2000,Americas
2009,Chile,16.028549571015937,2000,Americas
2009,China (People’s Republic of),8.427472164106407,2000,Other
2009,Colombia,10.720914275133453,2000,Americas
2009,Costa Rica,12.711165128904472,2000,Americas
2009,Croatia,20.3441071057854,2000,Other
2009,Czechia,27.5732570734458,2000,Europe
2009,Denmark,40.50692428984382,2000,Europe
2009,Estonia,20.460095829901924,2000,Europe
2009,Finland,37.968445185337806,2000,Europe
2009,France,34.809742524169394,2000,Europe
2009,Germany,38.21670319197843,2000,Europe
2009,Greece,29.94778538337542,2000,Europe
2009,Hong Kong (China),45.86018299153879,2000,Asia
2009,Hungary,20.68067247683996,2000,Europe
2009,Iceland,41.86282888540031,2000,Europe
2009,Indonesia,8.733290046749376,2000,Asia
2009,Ireland,41.435299233910776,2000,Europe
2009,Israel,27.6109428054756,2000,Other
2009,Italy,34.483698298226024,2000,Europe
2009,Japan,33.550689551212955,2000,Asia
2009,Korea,30.731306522268195,2000,Asia
2009,Latvia,16.557067079740875,2000,Europe
2009,Lithuania,18.16762632962747,2000,Europe
2009,Luxembourg,86.79743204781842,2000,Europe
2009,Madagascar,1.525774950452458,2000,Other
2009,Malta,26.65031809762106,2000,Other
2009,Mexico,15.349922300012018,2000,Americas
2009,Morocco,6.778527924097227,2000,Other
2009,Netherlands,44.936820508166974,2000,Europe
2009,New Zealand,30.647247967762112,2000,Oceania
2009,Norway,55.61547483951129,2000,Europe
2009,Poland,19.28921323345614,2000,Europe
2009,Portugal,26.458120537871608,2000,Europe
2009,Romania,16.632127012525874,2000,Other
2009,Senegal,2.6695238740570084,2000,Other
2009,Singapore,66.2072943063352,2000,Asia
2009,Slovak Republic,22.93188824602354,2000,Europe
2009,Slovenia,27.187907878882868,2000,Europe
2009,South Africa,12.628818967341845,2000,Other
2009,Spain,32.19829477727419,2000,Europe
2009,Sweden,40.08164223094713,2000,Europe
2009,Switzerland,52.73063302844009,2000,Europe
2009,Türkiye,15.442162023348462,2000,Other
2009,United Kingdom,35.0319000497904,2000,Europe
2009,United States,47.12298854315844,2000,Americas
2009,Zambia,2.90962470811311,2000,Other
2010,Argentina,18.06649913886168,2010,Other
2010,Australia,42.821248017066274,2010,Oceania
2010,Austria,41.75177037768736,2010,Europe
2010,Belgium,39.84436295385293,2010,Europe
2010,Brazil,14.363566319707374,2010,Americas
2010,Bulgaria,14.680655732743991,2010,Other
2010,Cabo Verde,6.0385790466363725,2010,Other
2010,Cameroon,2.817542008750799,2010,Other
2010,Canada,40.09830337686676,2010,Americas
2010,Chile,18.04131428832296,2010,Americas
2010,China (People’s Republic of),9.388644017868463,2010,Other
2010,Colombia,11.206221822258296,2010,Americas
2010,Costa Rica,13.325311205509786,2010,Americas
2010,Croatia,20.13947600196632,2010,Other
2010,Czechia,28.04230203968776,2010,Europe
2010,Denmark,43.04487609698518,2010,Europe
2010,Estonia,21.5871124278107,2010,Europe
2010,Finland,38.950213111086256,2010,Europe
2010,France,36.06586952492741,2010,Europe
2010,Georgia,7.7116857840412285,2010,Other
2010,Germany,40.469325880623785,2010,Europe
2010,Greece,27.84173685952548,2010,Europe
2010,Hong Kong (China),49.19905979498861,2010,Asia
2010,Hungary,21.69340210517516,2010,Europe
2010,Iceland,40.19061646012075,2010,Europe
2010,Indonesia,8.626158101583608,2010,Asia
2010,Ireland,43.17144706234022,2010,Europe
2010,Israel,28.93416328976105,2010,Other
2010,Italy,34.97798625529511,2010,Europe
2010,Japan,35.342824722944634,2010,Asia
2010,Korea,33.10081961092949,2010,Asia
2010,Latvia,17.345657344151114,2010,Europe
2010,Lithuania,19.8279401100707,2010,Europe
2010,Luxembourg,90.2419799108638,2010,Europe
2010,Madagascar,1.5101597699844551,2010,Other
2010,Malta,28.720520182401614,2010,Other
2010,Mexico,16.08737925088301,2010,Americas
2010,Morocco,7.070312486264167,2010,Other
2010,Netherlands,45.30739211555823,2010,Europe
2010,New Zealand,31.206004400843497,2010,Oceania
2010,Norway,58.22261750869298,2010,Europe
2010,Poland,20.99346534444735,2010,Europe
2010,Portugal,27.295106733124623,2010,Europe
2010,Romania,17.356774255684847,2010,Other
2010,Senegal,2.7148561854929256,2010,Other
2010,Singapore,75.396575733701,2010,Asia
2010,Slovak Republic,25.20432274709285,2010,Europe
2010,Slovenia,27.57929316421493,2010,Europe
2010,South Africa,12.996768171812985,2010,Other
2010,Spain,31.818062215453587,2010,Europe
2010,Sweden,41.96096427428815,2010,Europe
2010,Switzerland,54.33376886352261,2010,Europe
2010,Türkiye,17.34371998304668,2010,Other
2010,United Kingdom,36.49134638304653,2010,Europe
2010,United States,48.57029295860108,2010,Americas
2010,Zambia,3.136633428764873,2010,Other
2011,Argentina,19.322227142063944,2010,Other
2011,Australia,44.45718017133732,2010,Oceania
2011,Austria,44.187934626002594,2010,Europe
2011,Belgium,41.24470643124395,2010,Europe
2011,Brazil,15.10973740315367,2010,Americas
2011,Bulgaria,15.747383078164177,2010,Other
2011,Cabo Verde,6.384233737057541,2010,Other
2011,Cameroon,2.892502630823687,2010,Other
2011,Canada,41.666848674289966,2010,Americas
2011,Chile,20.23557033408583,2010,Americas
2011,China (People’s Republic of),10.424820480891814,2010,Other
2011,Colombia,12.10823485297105,2010,Americas
2011,Costa Rica,14.068154815661972,2010,Americas
2011,Croatia,21.18432840577727,2010,Other
2011,Czechia,29.23556066151253,2010,Europe
2011,Denmark,44.446578075201074,2010,Europe
2011,Estonia,24.610451981649994,2010,Europe
2011,Finland,40.84576582595624,2010,Europe
2011,France,37.67517070171393,2010,Europe
2011,Georgia,8.5639599509163,2010,Other
2011,Germany,43.398326079103086,2010,Europe
2011,Greece,25.692466706720896,2010,Europe
2011,Hong Kong (China),52.274509615384616,2010,Asia
2011,Hungary,22.992218499363247,2010,Europe
2011,Iceland,41.7901888,2010,Europe
2011,Indonesia,9.213212404443642,2010,Asia
2011,Ireland,45.472828364831344,2010,Europe
2011,Israel,30.7048307733101,2010,Other
2011,Italy,36.39230758594494,2010,Europe
2011,Japan,36.21500627390852,2010,Asia
2011,Korea,33.94400512645934,2010,Asia
2011,Latvia,18.626698723786625,2010,Europe
2011,Lithuania,22.701569127988865,2010,Europe
2011,Luxembourg,94.2789238099822,2010,Europe
2011,Madagascar,1.5235456989341136,2010,Other
2011,Malta,28.97289272398816,2010,Other
2011,Mexico,17.502379740778686,2010,Americas
2011,Morocco,7.508705679487976,2010,Other
2011,Netherlands,47.00434547415084,2010,Europe
2011,New Zealand,32.67579351166762,2010,Oceania
2011,Norway,62.46120270543105,2010,Europe
2011,Poland,22.81583729450492,2010,Europe
2011,Portugal,26.76022191422867,2010,Europe
2011,Romania,18.80374872317679,2010,Other
2011,Senegal,2.728699974112084,2010,Other
2011,Singapore,80.04757349537037,2010,Asia
2011,Slovak Republic,26.203003533830746,2010,Europe
2011,Slovenia,28.715673757172382,2010,Europe
2011,South Africa,13.50376970817439,2010,Other
2011,Spain,32.019985383082776,2010,Europe
2011,Sweden,44.33424635932606,2010,Europe
2011,Switzerland,57.515245848444806,2010,Europe
2011,Türkiye,19.59085837464971,2010,Other
2011,United Kingdom,37.20897190487477,2010,Europe
2011,United States,49.95191085351991,2010,Americas
2011,Zambia,3.2674082951032446,2010,Other
2012,Argentina,19.629898025486668,2010,Other
2012,Australia,43.90678121439033,2010,Oceania
2012,Austria,46.17666105606594,2010,Europe
2012,Belgium,42.483621892697336,2010,Europe
2012,Brazil,15.087820526920076,2010,Americas
2012,Bulgaria,16.419400018444875,2010,Other
2012,Cabo Verde,6.31806115771894,2010,Other
2012,Cameroon,2.96344956946707,2010,Other
2012,Canada,42.29188660458017,2010,Americas
2012,Chile,21.458812344386796,2010,Americas
2012,China (People’s Republic of),11.377990325333649,2010,Other
2012,Colombia,12.530807648374594,2010,Americas
2012,Costa Rica,14.852929900051974,2010,Americas
2012,Croatia,21.57614670388952,2010,Other
2012,Czechia,29.476587508934628,2010,Europe
2012,Denmark,44.76157971084484,2010,Europe
2012,Estonia,26.19296106248113,2010,Europe
2012,Finland,40.73887347617288,2010,Europe
2012,France,37.84144596248585,2010,Europe
2012,Georgia,10.059930968427864,2010,Other
2012,Germany,44.22931892671524,2010,Europe
2012,Greece,24.582984261671104,2010,Europe
2012,Hong Kong (China),52.15041062937063,2010,Asia
2012,Hungary,23.221166947829584,2010,Europe
2012,Iceland,42.83465182829889,2010,Europe
2012,Indonesia,9.812726667840138,2010,Asia
2012,Ireland,46.67566660482064,2010,Europe
2012,Israel,31.806738520285805,2010,Other
2012,Italy,36.28111845253127,2010,Europe
2012,Japan,37.62867599096839,2010,Asia
2012,Korea,35.061450517928286,2010,Asia
2012,Latvia,20.50077840336341,2010,Europe
2012,Lithuania,24.56692345187025,2010,Europe
2012,Luxembourg,96.53574600188148,2010,Europe
2012,Madagascar,1.512818510997011,2010,Other
2012,Malta,30.241404840237863,2010,Other
2012,Mexico,18.28736264715129,2010,Americas
2012,Morocco,7.534461422830322,2010,Other
2012,Netherlands,47.653204297224704,2010,Europe
2012,New Zealand,32.98320415600879,2010,Oceania
2012,Norway,65.7687533373182,2010,Europe
2012,Poland,23.73066271029709,2010,Europe
2012,Portugal,26.43455934717256,2010,Europe
2012,Romania,19.80530678189328,2010,Other
2012,Senegal,2.8042033685938583,2010,Other
2012,Singapore,82.11448173945783,2010,Asia
2012,Slovak Republic,27.02945427546371,2010,Europe
2012,Slovenia,28.79216810063167,2010,Europe
2012,South Africa,13.361246867785194,2010,Other
2012,Spain,31.885975797329003,2010,Europe
2012,Sweden,45.21686810790932,2010,Europe
2012,Switzerland,59.44815248834088,2010,Europe
2012,Türkiye,20.62744072576354,2010,Other
2012,United Kingdom,38.33660498187126,2010,Europe
2012,United States,51.64499165938518,2010,Americas
2012,Zambia,3.361721309507484,2010,Other
2013,Argentina,20.108205697068225,2010,Other
2013,Australia,47.78514634711697,2010,Oceania
2013,Austria,47.53435827504976,2010,Europe
2013,Belgium,43.86414780364536,2010,Europe
2013,Brazil,15.602383356092524,2010,Americas
2013,Bulgaria,16.893820884203294,2010,Other
2013,Cabo Verde,6.367280003904534,2010,Other
2013,Cameroon,3.139895683290302,2010,Other
2013,Canada,44.30099197308902,2010,Americas
2013,Chile,22.29574000328917,2010,Americas
2013,China (People’s Republic of),12.19241990257888,2010,Other
2013,Colombia,13.266002140420587,2010,Americas
2013,Costa Rica,15.542368365519874,2010,Americas
2013,Croatia,22.32387685907192,2010,Other
2013,Czechia,31.048122421001487,2010,Europe
2013,Denmark,46.88313107723618,2010,Europe
2013,Estonia,27.78471140736252,2010,Europe
2013,Finland,41.32558282772568,2010,Europe
2013,France,39.772553681261805,2010,Europe
2013,Georgia,10.797242894906551,2010,Other
2013,Germany,45.88878792500558,2010,Europe
2013,Greece,25.730870915971177,2010,Europe
2013,Hong Kong (China),53.51667404931049,2010,Asia
2013,Hungary,24.59163793939956,2010,Europe
2013,Iceland,45.24308370044053,2010,Europe
2013,Indonesia,10.144940368084155,2010,Asia
2013,Ireland,48.80285785280739,2010,Europe
2013,Israel,34.13121192131495,2010,Other
2013,Italy,36.45928672096247,2010,Europe
2013,Japan,39.43668258817432,2010,Asia
2013,Korea,35.84414933867418,2010,Asia
2013,Latvia,21.84831419923967,2010,Europe
2013,Lithuania,26.56338809624314,2010,Europe
2013,Luxembourg,100.5613661577958,2010,Europe
2013,Madagascar,1.5233761773004444,2010,Other
2013,Malta,32.28790136901424,2010,Other
2013,Mexico,18.48103064019068,2010,Americas
2013,Morocco,7.829629165402124,2010,Other
2013,Netherlands,49.62333063556296,2010,Europe
2013,New Zealand,36.10501692255968,2010,Oceania
2013,Norway,67.3729281496063,2010,Europe
2013,Poland,24.439399602941048,2010,Europe
2013,Portugal,27.921488284647182,2010,Europe
2013,Romania,19.67321380240526,2010,Other
2013,Senegal,2.8099306439674314,2010,Other
2013,Singapore,83.09081163178367,2010,Asia
2013,Slovak Republic,28.07746827408003,2010,Europe
2013,Slovenia,29.639918389820675,2010,Europe
2013,South Africa,13.797506264819788,2010,Other
2013,Spain,32.62983812928172,2010,Europe
2013,Sweden,46.10487928367164,2010,Europe
2013,Switzerland,61.65792205004285,2010,Europe
2013,Türkiye,22.37313654987656,2010,Other
2013,United Kingdom,39.94753839317732,2010,Europe
2013,United States,53.23474056997972,2010,Americas
2013,Zambia,3.5147134462174403,2010,Other
2014,Argentina,19.649352886722365,2010,Other
2014,Australia,47.63200461958811,2010,Oceania
2014,Austria,48.369190906481926,2010,Europe
2014,Belgium,45.14748909368281,2010,Europe
2014,Brazil,15.69922451116931,2010,Americas
2014,Bulgaria,17.990806342255368,2010,Other
2014,Cabo Verde,6.416838513796405,2010,Other
2014,Cameroon,3.328397760338594,2010,Other
2014,Canada,45.75813311969335,2010,Americas
2014,Chile,22.650712395263277,2010,Americas
2014,China (People’s Republic of),12.898346881129855,2010,Other
2014,Colombia,13.777241960889052,2010,Americas
2014,Costa Rica,16.615974148639452,2010,Americas
2014,Croatia,22.523439335061823,2010,Other
2014,Czechia,32.81068682726075,2010,Europe
2014,Denmark,47.88068762751744,2010,Europe
2014,Estonia,29.37558975528196,2010,Europe
2014,Finland,41.53959890160184,2010,Europe
2014,France,40.39542769724785,2010,Europe
2014,Georgia,11.770848549105926,2010,Other
2014,Germany,47.9385207883136,2010,Europe
2014,Greece,26.45027749212959,2010,Europe
2014,Hong Kong (China),54.51869733019782,2010,Asia
2014,Hungary,25.79621018448215,2010,Europe
2014,Iceland,46.85365276913504,2010,Europe
2014,Indonesia,10.332597717841663,2010,Asia
2014,Ireland,52.64187591080848,2010,Europe
2014,Israel,34.1549960596074,2010,Other
2014,Italy,36.66570920098739,2010,Europe
2014,Japan,39.55976347220695,2010,Asia
2014,Korea,37.03192356198396,2010,Asia
2014,Latvia,22.968284818854205,2010,Europe
2014,Lithuania,28.005766952999963,2010,Europe
2014,Luxembourg,104.91794564097972,2010,Europe
2014,Madagascar,1.5499229516910653,2010,Other
2014,Malta,34.318468730526284,2010,Other
2014,Mexico,19.15391849490363,2010,Americas
2014,Morocco,7.431294148999171,2010,Other
2014,Netherlands,49.75132439964423,2010,Europe
2014,New Zealand,37.12254056672318,2010,Oceania
2014,Norway,66.33545960677438,2010,Europe
2014,Poland,25.463476993752117,2010,Europe
2014,Portugal,28.713307709206305,2010,Europe
2014,Romania,20.62524581438961,2010,Other
2014,Senegal,2.900180039900036,2010,Other
2014,Singapore,84.55097824497258,2010,Asia
2014,Slovak Republic,29.10858163581868,2010,Europe
2014,Slovenia,30.57465418566301,2010,Europe
2014,South Africa,13.829937530597382,2010,Other
2014,Spain,33.781105354914224,2010,Europe
2014,Sweden,46.83678282772294,2010,Europe
2014,Switzerland,63.417871790721215,2010,Europe
2014,Türkiye,24.10498458189733,2010,Other
2014,United Kingdom,41.2668488548437,2010,Europe
2014,United States,55.09412673927804,2010,Americas
2014,Zambia,3.4757492362493267,2010,Other
2015,Argentina,20.05833863450602,2010,Other
2015,Australia,47.22506970630453,2010,Oceania
2015,Austria,49.63829988670284,2010,Europe
2015,Belgium,46.084238349505945,2010,Europe
2015,Brazil,14.690312935329969,2010,Americas
2015,Bulgaria,18.9012307020464,2010,Other
2015,Cabo Verde,6.773493418632359,2010,Other
2015,Cameroon,3.4174048416173064,2010,Other
2015,Canada,44.669420194620855,2010,Americas
2015,Chile,22.553105394046984,2010,Americas
2015,China (People’s Republic of),13.430240794933706,2010,Other
2015,Colombia,13.762750907988428,2010,Americas
2015,Costa Rica,17.649314837046298,2010,Americas
2015,Croatia,23.441338424279696,2010,Other
2015,Czechia,34.227156568372266,2010,Europe
2015,Denmark,48.91923165522471,2010,Europe
2015,Estonia,29.768298180156854,2010,Europe
2015,Finland,42.26174381899462,2010,Europe
2015,France,41.06067492535513,2010,Europe
2015,Georgia,12.269710485880776,2010,Other
2015,Germany,48.55819757121696,2010,Europe
2015,Greece,26.614780713492543,2010,Europe
2015,Hong Kong (China),56.04534864901934,2010,Asia
2015,Hungary,26.944959738225748,2010,Europe
2015,Iceland,50.172009244992296,2010,Europe
2015,Indonesia,10.271244622683032,2010,Asia
2015,Ireland,71.6329673517012,2010,Europe
2015,Israel,35.227050909431846,2010,Other
2015,Italy,37.39443574255848,2010,Europe
2015,Japan,40.916571158838806,2010,Asia
2015,Korea,39.79950924237969,2010,Asia
2015,Latvia,24.1405200595556,2010,Europe
2015,Lithuania,28.854003405574996,2010,Europe
2015,Luxembourg,107.9272550052687,2010,Europe
2015,Madagascar,1.546596658239478,2010,Other
2015,Malta,37.44064938418529,2010,Other
2015,Mexico,19.399291638345,2010,Americas
2015,Morocco,8.020743933888172,2010,Other
2015,Netherlands,50.97012343565525,2010,Europe
2015,New Zealand,37.3446938467509,2010,Oceania
2015,Norway,60.73787591522158,2010,Europe
2015,Poland,26.99877106244215,2010,Europe
2015,Portugal,29.54818462780868,2010,Europe
2015,Romania,21.623213308277315,2010,Other
2015,Senegal,3.0436593686168183,2010,Other
2015,Singapore,87.15621878952122,2010,Asia
2015,Slovak Republic,30.164164458058075,2010,Europe
2015,Slovenia,31.34817122878033,2010,Europe
2015,South Africa,13.961358836861573,2010,Other
2015,Spain,35.26689474488815,2010,Europe
2015,Sweden,48.775827604456126,2010,Europe
2015,Switzerland,65.22451672117312,2010,Europe
2015,Türkiye,25.86285003451891,2010,Other
2015,United Kingdom,42.5266818153884,2010,Europe
2015,United States,56.796897362105845,2010,Americas
2015,Zambia,3.3684616108954635,2010,Other
2016,Argentina,20.24872139184509,2010,Other
2016,Australia,50.10334660043958,2010,Oceania
2016,Austria,52.37903678868844,2010,Europe
2016,Belgium,48.414638614822536,2010,Europe
2016,Brazil,14.174002061167064,2010,Americas
2016,Bulgaria,20.745890386022097,2010,Other
2016,Cabo Verde,7.350746115778907,2010,Other
2016,Cameroon,3.555323525724077,2010,Other
2016,Canada,46.470675160560674,2010,Americas
2016,Chile,23.384612399514356,2010,Americas
2016,China (People’s Republic of),14.111189998707196,2010,Other
2016,Colombia,14.514224377843997,2010,Americas
2016,Costa Rica,19.11933610148659,2010,Americas
2016,Croatia,25.39922409927426,2010,Other
2016,Czechia,36.62760513267111,2010,Europe
2016,Denmark,51.8142366784249,2010,Europe
2016,Estonia,31.945124249563037,2010,Europe
2016,Finland,44.56244081305843,2010,Europe
2016,France,42.984007887264696,2010,Europe
2016,Georgia,13.065400314687707,2010,Other
2016,Germany,51.56969755552588,2010,Europe
2016,Greece,27.504550259424228,2010,Europe
2016,Hong Kong (China),56.75838789696061,2010,Asia
2016,Hungary,28.178944963270084,2010,Europe
2016,Iceland,54.477409656847854,2010,Europe
2016,Indonesia,10.505999350087912,2010,Asia
2016,Ireland,73.09819411572607,2010,Europe
2016,Israel,37.553010059517135,2010,Other
2016,Italy,40.48259149100394,2010,Europe
2016,Japan,40.64270452916105,2010,Asia
2016,Korea,41.67246756999493,2010,Asia
2016,Latvia,25.80479682423349,2010,Europe
2016,Lithuania,30.77266836384489,2010,Europe
2016,Luxembourg,112.95547014765675,2010,Europe
2016,Madagascar,1.6154987967386485,2010,Other
2016,Malta,39.67852683185895,2010,Other
2016,Mexico,20.41042489522916,2010,Americas
2016,Morocco,8.089112593151043,2010,Other
2016,Netherlands,53.16328490898415,2010,Europe
2016,New Zealand,39.75182236092953,2010,Oceania
2016,Norway,59.26343048128342,2010,Europe
2016,Poland,28.369630494726643,2010,Europe
2016,Portugal,31.494521516695382,2010,Europe
2016,Romania,23.900216629910457,2010,Other
2016,Senegal,3.150293931854351,2010,Other
2016,Singapore,89.73969520242554,2010,Asia
2016,Slovak Republic,29.86793944322056,2010,Europe
2016,Slovenia,33.5818302817014,2010,Europe
2016,South Africa,14.030469984599492,2010,Other
2016,Spain,37.6378428977903,2010,Europe
2016,Sweden,50.21503171733551,2010,Europe
2016,Switzerland,67.30266146926738,2010,Europe
2016,Türkiye,26.69590936956028,2010,Other
2016,United Kingdom,44.08522221714146,2010,Europe
2016,United States,57.93096617777079,2010,Americas
2016,Zambia,3.3423331833033645,2010,Other
2017,Argentina,23.514667096653,2010,Other
2017,Australia,50.69357661747515,2010,Oceania
2017,Austria,53.885119998435485,2010,Europe
2017,Belgium,50.255854050917776,2010,Europe
2017,Brazil,14.406390934722332,2010,Americas
2017,Bulgaria,22.31737475652124,2010,Other
2017,Cabo Verde,7.935762429980522,2010,Other
2017,Cameroon,3.7003514206627046,2010,Other
2017,Canada,48.31740402776572,2010,Americas
2017,Chile,24.47945870674026,2010,Americas
2017,China (People’s Republic of),14.980645905678838,2010,Other
2017,Colombia,14.930865719893267,2010,Americas
2017,Costa Rica,20.368230368686,2010,Americas
2017,Croatia,27.292349388707056,2010,Other
2017,Czechia,39.62086619950978,2010,Europe
2017,Denmark,55.27041979995848,2010,Europe
2017,Estonia,34.55344785649134,2010,Europe
2017,Finland,47.23498874405432,2010,Europe
2017,France,44.52774149334132,2010,Europe
2017,Georgia,13.718862388407093,2010,Other
2017,Germany,54.11027691544576,2010,Europe
2017,Greece,28.68164776142274,2010,Europe
2017,Hong Kong (China),59.26251629920195,2010,Asia
2017,Hungary,29.728012196460977,2010,Europe
2017,Iceland,56.644702045656686,2010,Europe
2017,Indonesia,10.93263804664528,2010,Asia
2017,Ireland,80.51557585712588,2010,Europe
2017,Israel,38.8639861459534,2010,Other
2017,Italy,42.14231416129048,2010,Europe
2017,Japan,41.53122162328541,2010,Asia
2017,Korea,43.1558352867879,2010,Asia
2017,Latvia,27.661271959784912,2010,Europe
2017,Lithuania,33.59154644680524,2010,Europe
2017,Luxembourg,114.86252881187852,2010,Europe
2017,Madagascar,1.6005764640435818,2010,Other
2017,Malta,43.44759709281849,2010,Other
2017,Mexico,20.756351179534825,2010,Americas
2017,Morocco,8.37317526039425,2010,Other
2017,Netherlands,56.03853195960539,2010,Europe
2017,New Zealand,42.03305744465345,2010,Oceania
2017,Norway,64.58916316088687,2010,Europe
2017,Poland,30.180215312458003,2010,Europe
2017,Portugal,32.843839010054424,2010,Europe
2017,Romania,26.937643374421285,2010,Other
2017,Senegal,3.280791295228107,2010,Other
2017,Singapore,95.63255203136136,2010,Asia
2017,Slovak Republic,30.25044714528512,2010,Europe
2017,Slovenia,36.189974533102856,2010,Europe
2017,South Africa,14.163480870861656,2010,Other
2017,Spain,39.87726789033546,2010,Europe
2017,Sweden,51.386592309025,2010,Europe
2017,Switzerland,68.14856895804216,2010,Europe
2017,Türkiye,28.193061397283127,2010,Other
2017,United Kingdom,46.11302554346178,2010,Europe
2017,United States,60.001535825735786,2010,Americas
2017,Zambia,3.4120695310582336,2010,Other
2018,Argentina,24.498378923310568,2010,Other
2018,Australia,53.05171965133717,2010,Oceania
2018,Austria,56.65456537538527,2010,Europe
2018,Belgium,52.46655301870115,2010,Europe
2018,Brazil,15.286655169982575,2010,Americas
2018,Bulgaria,24.05362387602786,2010,Other
2018,Cabo Verde,7.916420439605388,2010,Other
2018,Cameroon,3.945611437182741,2010,Other
2018,Canada,49.982649054747135,2010,Americas
2018,Chile,25.496431066072308,2010,Americas
2018,China (People’s Republic of),16.267473642566937,2010,Other
2018,Colombia,15.814696396125614,2010,Americas
2018,Costa Rica,21.31271336040031,2010,Americas
2018,Croatia,29.04573379256735,2010,Other
2018,Czechia,42.01645996582948,2010,Europe
2018,Denmark,57.231330434176265,2010,Europe
2018,Estonia,37.2010373480157,2010,Europe
2018,Finland,49.2426427613212,2010,Europe
2018,France,46.39718908170105,2010,Europe
2018,Georgia,15.02202668233085,2010,Other
2018,Germany,56.272919752490765,2010,Europe
2018,Greece,29.792027718171266,2010,Europe
2018,Hong Kong (China),60.89700684288206,2010,Asia
2018,Hungary,32.25825778276297,2010,Europe
2018,Iceland,58.34255060728744,2010,Europe
2018,Indonesia,11.621365982035242,2010,Asia
2018,Ireland,86.50341392853396,2010,Europe
2018,Israel,39.62133119504568,2010,Other
2018,Italy,43.58341904765086,2010,Europe
2018,Japan,42.26458512531338,2010,Asia
2018,Korea,45.511131511098185,2010,Asia
2018,Latvia,29.83213757300454,2010,Europe
2018,Lithuania,36.491946296821794,2010,Europe
2018,Luxembourg,116.47462159476352,2010,Europe
2018,Madagascar,1.597331924436746,2010,Other
2018,Malta,45.582819658346885,2010,Other
2018,Mexico,21.13136547809707,2010,Americas
2018,Morocco,8.055060478718874,2010,Other
2018,Netherlands,58.81801102599815,2010,Europe
2018,New Zealand,42.36218488932252,2010,Oceania
2018,Norway,70.25273550451807,2010,Europe
2018,Poland,32.360864008021025,2010,Europe
2018,Portugal,34.72522730125008,2010,Europe
2018,Romania,29.571494120255554,2010,Other
2018,Senegal,3.420732544830217,2010,Other
2018,Singapore,103.89370916829226,2010,Asia
2018,Slovak Republic,31.514226100534863,2010,Europe
2018,Slovenia,38.65634887999552,2010,Europe
2018,South Africa,13.816497111941793,2010,Other
2018,Spain,41.07367209212435,2010,Europe
2018,Sweden,52.96218836096167,2010,Europe
2018,Switzerland,70.6556362178865,2010,Europe
2018,Türkiye,28.299469701622712,2010,Other
2018,United Kingdom,47.21217348277995,2010,Europe
2018,United States,62.82510021472411,2010,Americas
2018,Zambia,3.468844144781537,2010,Other
2019,Argentina,23.53501275247942,2010,Other
2019,Australia,53.60203563268996,2010,Oceania
2019,Austria,60.37044395935539,2010,Europe
2019,Belgium,56.71235599268866,2010,Europe
2019,Brazil,15.864007756470617,2010,Americas
2019,Bulgaria,26.814982666654178,2010,Other
2019,Cabo Verde,8.645756500630222,2010,Other
2019,Cameroon,4.180483807389086,2010,Other
2019,Canada,50.49896310312254,2010,Americas
2019,Chile,25.7331036609415,2010,Americas
2019,China (People’s Republic of),17.57174483646318,2010,Other
2019,Colombia,16.712410597792825,2010,Americas
2019,Costa Rica,23.08251619409413,2010,Americas
2019,Croatia,32.75190225448471,2010,Other
2019,Czechia,46.13956476931063,2010,Europe
2019,Denmark,60.56873545197303,2010,Europe
2019,Estonia,40.65001132229284,2010,Europe
2019,Finland,52.276174116198206,2010,Europe
2019,France,51.11987450293786,2010,Europe
2019,Georgia,16.770229299215814,2010,Other
2019,Germany,59.27069327139471,2010,Europe
2019,Greece,31.927425993553552,2010,Europe
2019,Hong Kong (China),61.22060415556739,2010,Asia
2019,Hungary,35.62723170632081,2010,Europe
2019,Iceland,62.03140704945992,2010,Europe
2019,Indonesia,12.236943467114052,2010,Asia
2019,Ireland,92.20885715884693,2010,Europe
2019,Israel,40.79138407531167,2010,Other
2019,Italy,46.66189502269413,2010,Europe
2019,Japan,42.835817421209526,2010,Asia
2019,Korea,46.5110597314788,2010,Asia
2019,Latvia,32.20978962861987,2010,Europe
2019,Lithuania,40.563874000431866,2010,Europe
2019,Luxembourg,121.07378118730158,2010,Europe
2019,Madagascar,1.6678711911255726,2010,Other
2019,Malta,49.87521991694668,2010,Other
2019,Mexico,21.098977002169068,2010,Americas
2019,Morocco,8.309034029280355,2010,Other
2019,Netherlands,62.34480201787259,2010,Europe
2019,New Zealand,44.99509297024952,2010,Oceania
2019,Norway,70.93822513089006,2010,Europe
2019,Poland,35.898762969673875,2010,Europe
2019,Portugal,37.616202160888186,2010,Europe
2019,Romania,33.59952238371928,2010,Other
2019,Senegal,3.6803168292203066,2010,Other
2019,Singapore,105.53443863955118,2010,Asia
2019,Slovak Republic,33.99133506588005,2010,Europe
2019,Slovenia,42.36050787596445,2010,Europe
2019,South Africa,13.884880270379147,2010,Other
2019,Spain,44.0715226358738,2010,Europe
2019,Sweden,56.881050393115146,2010,Europe
2019,Switzerland,73.69538709264774,2010,Europe
2019,Türkiye,28.461326560021316,2010,Other
2019,United Kingdom,50.06495965841725,2010,Europe
2019,United States,65.17136088444327,2010,Americas
2019,Zambia,3.385786560381431,2010,Other
2020,Argentina,22.30213230108778,2020,Other
2020,Australia,56.82162291853547,2020,Oceania
2020,Austria,58.52313110747132,2020,Europe
2020,Belgium,56.11961624793087,2020,Europe
2020,Brazil,15.866290068840271,2020,Americas
2020,Bulgaria,27.37664303151909,2020,Other
2020,Cabo Verde,6.852569414557992,2020,Other
2020,Cameroon,4.308404731409628,2020,Other
2020,Canada,48.5907164227128,2020,Americas
2020,Chile,25.23662358139016,2020,Americas
2020,China (People’s Republic of),18.254283412174605,2020,Other
2020,Colombia,15.950508974181057,2020,Americas
2020,Costa Rica,21.7787915488166,2020,Americas
2020,Croatia,31.306432008402197,2020,Other
2020,Czechia,45.67506456534476,2020,Europe
2020,Denmark,62.700581144528286,2020,Europe
2020,Estonia,40.69147460773624,2020,Europe
2020,Finland,53.28542227927749,2020,Europe
2020,France,49.4628855338844,2020,Europe
2020,Georgia,16.791106384573304,2020,Other
2020,Germany,58.68577925950866,2020,Europe
2020,Greece,29.53313829205531,2020,Europe
2020,Hong Kong (China),58.187476406897474,2020,Asia
2020,Hungary,35.58358557162828,2020,Europe
2020,Iceland,57.40438798427849,2020,Europe
2020,Indonesia,11.92952634288402,2020,Asia
2020,Ireland,97.78059383088056,2020,Europe
2020,Israel,40.47249904156266,2020,Other
2020,Italy,44.43560610980351,2020,Europe
2020,Japan,42.61219339359979,2020,Asia
2020,Korea,47.8817128829385,2020,Asia
2020,Latvia,32.73430790872772,2020,Europe
2020,Lithuania,41.26269148286221,2020,Europe
2020,Luxembourg,121.92632437870854,2020,Europe
2020,Madagascar,1.5476888594888174,2020,Other
2020,Malta,45.82663696966525,2020,Other
2020,Mexico,19.417788888174748,2020,Americas
2020,Morocco,7.958071484201158,2020,Other
2020,Netherlands,62.59483058135535,2020,Europe
2020,New Zealand,45.47192278904865,2020,Oceania
2020,Norway,67.11653281279048,2020,Europe
2020,Poland,37.43845741764081,2020,Europe
2020,Portugal,35.66277111860879,2020,Europe
2020,Romania,34.3310937765598,2020,Other
2020,Senegal,3.771702712047356,2020,Other
2020,Singapore,101.6086412240591,2020,Asia
2020,Slovak Republic,35.317081371520246,2020,Europe
2020,Slovenia,41.75965712383488,2020,Europe
2020,South Africa,13.216120908406095,2020,Other
2020,Spain,39.33997299220621,2020,Europe
2020,Sweden,57.39625971729982,2020,Europe
2020,Switzerland,72.94564747242272,2020,Europe
2020,Türkiye,28.6800856988667,2020,Other
2020,United Kingdom,48.23008210475848,2020,Europe
2020,United States,64.35060571359692,2020,Americas
2020,Zambia,3.174510552383106,2020,Other
2021,Argentina,26.015207078116,2020,Other
2021,Australia,65.00265913585501,2020,Oceania
2021,Austria,62.99892409586239,2020,Europe
2021,Belgium,60.66864486505615,2020,Europe
2021,Brazil,17.756475862739133,2020,Americas
2021,Bulgaria,30.9736325398195,2020,Other
2021,Cabo Verde,7.6854189207760015,2020,Other
2021,Cameroon,4.793555507520909,2020,Other
2021,Canada,56.995206991321936,2020,Americas
2021,Chile,28.761632601180725,2020,Americas
2021,China (People’s Republic of),20.83975657157016,2020,Other
2021,Colombia,17.817063492371393,2020,Americas
2021,Costa Rica,23.38584512841379,2020,Americas
2021,Croatia,36.51882971043874,2020,Other
2021,Czechia,47.8184359361385,2020,Europe
2021,Denmark,69.35538345386904,2020,Europe
2021,Estonia,44.28026988093842,2020,Europe
2021,Finland,56.78546133718308,2020,Europe
2021,France,52.44294874814172,2020,Europe
2021,Georgia,18.915696986202377,2020,Other
2021,Germany,62.53083907880187,2020,Europe
2021,Greece,33.30680098857102,2020,Europe
2021,Hong Kong (China),65.8858263860785,2020,Asia
2021,Hungary,38.88719098006298,2020,Europe
2021,Iceland,63.47078816371681,2020,Europe
2021,Indonesia,12.947743771602504,2020,Asia
2021,Ireland,117.1323175790008,2020,Europe
2021,Israel,45.63981569153917,2020,Other
2021,Italy,49.825333450582754,2020,Europe
2021,Japan,44.41882111838856,2020,Asia
2021,Korea,51.71779132702337,2020,Asia
2021,Latvia,36.90694946279348,2020,Europe
2021,Lithuania,45.87354168595418,2020,Europe
2021,Luxembourg,136.543604565015,2020,Europe
2021,Madagascar,1.6613165540477333,2020,Other
2021,Malta,48.87686241998921,2020,Other
2021,Mexico,20.787951084045897,2020,Americas
2021,Morocco,8.896167694849904,2020,Other
2021,Netherlands,68.57375474818913,2020,Europe
2021,New Zealand,48.248579632616135,2020,Oceania
2021,Norway,88.98940902366864,2020,Europe
2021,Poland,41.06940140145469,2020,Europe
2021,Portugal,38.48726727222432,2020,Europe
2021,Romania,39.71924486544973,2020,Other
2021,Senegal,4.173040120714162,2020,Other
2021,Singapore,131.85359919325268,2020,Asia
2021,Slovak Republic,38.3925227100163,2020,Europe
2021,Slovenia,45.9216892106674,2020,Europe
2021,South Africa,14.313006720927817,2020,Other
2021,Spain,44.34231482754201,2020,Europe
2021,Sweden,62.19085773497896,2020,Europe
2021,Switzerland,80.96726626691785,2020,Europe
2021,Türkiye,31.33837945500137,2020,Other
2021,United Kingdom,51.00442747521796,2020,Europe
2021,United States,71.220495932392,2020,Americas
2021,Zambia,3.534683878422185,2020,Other
2022,Argentina,29.06832881185029,2020,Other
2022,Australia,72.57630706748212,2020,Oceania
2022,Austria,70.64878935657106,2020,Europe
2022,Belgium,68.15788813547712,2020,Europe
2022,Bulgaria,35.81676547157762,2020,Other
2022,Cameroon,5.188981264311133,2020,Other
2022,Canada,63.57829772364007,2020,Americas
2022,Chile,30.39208968395743,2020,Americas
2022,China (People’s Republic of),23.039110343899416,2020,Other
2022,Colombia,21.205096968910134,2020,Americas
2022,Costa Rica,25.28014152211494,2020,Americas
2022,Croatia,41.2918688341387,2020,Other
2022,Czechia,51.28976446450936,2020,Europe
2022,Denmark,77.00402581274332,2020,Europe
2022,Estonia,48.41379760864277,2020,Europe
2022,Finland,61.33835987690979,2020,Europe
2022,France,56.04193257767937,2020,Europe
2022,Georgia,22.461350862571926,2020,Other
2022,Germany,67.58978742929426,2020,Europe
2022,Greece,38.44487159358147,2020,Europe
2022,Hong Kong (China),68.60337598693167,2020,Asia
2022,Hungary,44.01226768268521,2020,Europe
2022,Iceland,75.7877303431505,2020,Europe
2022,Indonesia,14.443266151461811,2020,Asia
2022,Ireland,136.3902057908213,2020,Europe
2022,Israel,53.02541397150596,2020,Other
2022,Italy,56.24738965697796,2020,Europe
2022,Japan,47.46335525462796,2020,Asia
2022,Korea,55.07037986956438,2020,Asia
2022,Latvia,39.815851767419055,2020,Europe
2022,Lithuania,50.49839209672988,2020,Europe
2022,Luxembourg,142.90612061769295,2020,Europe
2022,Malta,54.62476162838903,2020,Other
2022,Mexico,23.38537359042584,2020,Americas
2022,Morocco,9.592152090321523,2020,Other
2022,Netherlands,77.15211891983503,2020,Europe
2022,New Zealand,53.7745096963761,2020,Oceania
2022,Norway,123.15304434671064,2020,Europe
2022,Poland,44.90962227159447,2020,Europe
2022,Portugal,44.41027297218066,2020,Europe
2022,Romania,44.292125783813205,2020,Other
2022,Senegal,4.481240298453193,2020,Other
2022,Singapore,140.13156714564485,2020,Asia
2022,Slovak Republic,40.90458411342283,2020,Europe
2022,Slovenia,51.14414525884935,2020,Europe
2022,South Africa,15.494664268706009,2020,Other
2022,Spain,50.47308349612696,2020,Europe
2022,Sweden,65.57181187521982,2020,Europe
2022,Switzerland,91.27160130337823,2020,Europe
2022,Türkiye,39.10103820899035,2020,Other
2022,United Kingdom,58.5444556978877,2020,Europe
2022,United States,77.77832174942878,2020,Americas
2023,Argentina,29.362593827832622,2020,Other
2023,Australia,73.40116705287409,2020,Oceania
2023,Austria,70.48671075733148,2020,Europe
2023,Belgium,69.10271290322581,2020,Europe
2023,Bulgaria,37.507784883681246,2020,Other
2023,Cameroon,5.405575192790164,2020,Other
2023,Canada,64.46293393558305,2020,Americas
2023,Chile,32.30501862756188,2020,Americas
2023,China (People’s Republic of),25.197695486887003,2020,Other
2023,Colombia,21.47531616147387,2020,Americas
2023,Costa Rica,27.250230890112277,2020,Americas
2023,Croatia,44.65399494744919,2020,Other
2023,Czechia,53.14872897162928,2020,Europe
2023,Denmark,73.28269160642078,2020,Europe
2023,Estonia,46.94104184542757,2020,Europe
2023,Finland,61.705636497292645,2020,Europe
2023,France,58.33011447668636,2020,Europe
2023,Georgia,25.071971136992303,2020,Other
2023,Germany,68.19543214142035,2020,Europe
2023,Greece,40.62544799367472,2020,Europe
2023,Hong Kong (China),71.45910668789809,2020,Asia
2023,Hungary,45.36759848068001,2020,Europe
2023,Iceland,79.46441897233201,2020,Europe
2023,Ireland,128.8049403062691,2020,Europe
2023,Israel,53.42165557414889,2020,Other
2023,Italy,57.90246915275616,2020,Europe
2023,Japan,49.96271029014411,2020,Asia
2023,Korea,56.05198072051515,2020,Asia
2023,Latvia,41.71905005373264,2020,Europe
2023,Lithuania,50.91487697560755,2020,Europe
2023,Luxembourg,142.1420685730545,2020,Europe
2023,Mexico,24.9356950512509,2020,Americas
2023,Netherlands,77.02469916652683,2020,Europe
2023,New Zealand,53.9983458229784,2020,Oceania
2023,Norway,100.42993949275362,2020,Europe
2023,Poland,45.58569714609829,2020,Europe
2023,Portugal,47.42652701685565,2020,Europe
2023,Romania,48.8408700765058,2020,Other
2023,Singapore,142.63632443393038,2020,Asia
2023,Slovak Republic,43.70219148363076,2020,Europe
2023,Slovenia,53.950061870916144,2020,Europe
2023,South Africa,15.97735642775315,2020,Other
2023,Spain,53.1918500046277,2020,Europe
2023,Sweden,66.1183442620894,2020,Europe
2023,Switzerland,90.2299394674461,2020,Europe
2023,Türkiye,42.32614439912805,2020,Other
2023,United Kingdom,57.91547535478596,2020,Europe
2023,United States,82.22289487187854,2020,Americas
