TIME_PERIOD,REF_AREA,value
2010,New Zealand,4362.8
2010,Israel,7761.05
2010,France,64748.0
2010,Belgium,10895.6
1990,Finland,4986.4
1990,Denmark,5140.29
1990,Costa Rica,3029.093
1990,Chile,13178.782
1990,Canada,27691.138
1990,Australia,17065.1
1990,South Africa,36146.1228
1990,Singapore,3047.0
1990,Indonesia,177325.69
1990,China (People’s Republic of),1143330.0
1990,United States,250181.0
1990,Türkiye,55120.0
1990,Switzerland,6796.279
1990,Spain,39342.191817
1990,Norway,4241.0
1990,New Zealand,3373.0
1990,Korea,42869.0
1990,Japan,123611.0
1990,Italy,56719.2
1990,Ireland,3506.0
1990,Iceland,254.788
1990,Germany,79364.0
1992,Portugal,9962.7
1992,Norway,4286.0
1992,Korea,43748.0
1992,Japan,124567.0
1992,Italy,56797.1
1992,Ireland,3555.0
1992,Iceland,261.1
1992,Germany,80500.0
1992,Finland,5042.0
1992,Denmark,5171.046
1992,Costa Rica,3168.612
1992,Chile,13665.241
1992,Canada,28371.264
1992,Australia,17478.6
1991,South Africa,36939.7789
1991,Singapore,3135.0
1991,Indonesia,179803.796
1991,China (People’s Republic of),1158230.0
1991,United States,253530.0
1991,Türkiye,56055.0
1991,Switzerland,6880.088
1991,Spain,39411.962917
1991,Norway,4262.0
1991,Korea,43296.0
1991,Japan,124101.0
1991,Italy,56775.5
1991,Ireland,3526.0
1991,Iceland,258.0
1991,Germany,79973.0
1991,France,58459.0
1991,Finland,5013.7
1991,Denmark,5154.09
1991,Costa Rica,3099.339
1991,Chile,13422.01
1991,Canada,28037.42
1991,Australia,17284.0
1995,Slovenia,1988.689
1995,Slovak Republic,5363.357
1995,Portugal,10026.176
1995,Poland,38275.0
1995,Norway,4359.0
1995,Netherlands,15459.0
1995,Luxembourg,409.512
1995,Lithuania,3629.1
1995,Latvia,2484.538
1995,Korea,45093.0
1995,Japan,125436.0
1995,Italy,56844.3
1995,Iceland,267.4
1995,Hungary,10328.965
1995,Greece,10562.164
1995,Germany,81308.0
1995,Finland,5107.8
1995,Estonia,1448.1
1995,Denmark,5230.345
1995,Czechia,10330.759
1995,Costa Rica,3430.694
1995,Chile,14394.94
1995,Canada,29302.311
1995,Austria,7948.278
1994,South Africa,39382.4028
1994,Singapore,3419.0
1994,Indonesia,187447.845
1994,China (People’s Republic of),1198500.0
1994,Cameroon,13231.0
1994,United States,263455.0
1994,Türkiye,58837.0
1994,Switzerland,7036.852
1994,Sweden,8785.25
1994,Spain,39661.478144
1994,Portugal,9997.8
1994,Norway,4337.0
1994,Korea,44642.0
1994,Japan,125116.0
1994,Italy,56843.4
1994,Ireland,3586.0
1994,Iceland,266.0
1994,Germany,81147.0
1994,Finland,5088.3
1994,Denmark,5205.613
1994,Costa Rica,3333.719
1994,Chile,14151.708
1994,Canada,29000.663
1994,Australia,17805.5
1993,South Africa,38560.9994
1993,Singapore,3313.0
1993,Indonesia,184864.386
1993,China (People’s Republic of),1185170.0
1993,Cameroon,12864.0
1993,United States,260282.0
1993,Türkiye,57913.0
1993,Switzerland,6988.858
1993,Sweden,8714.5
1993,Spain,39590.491872
1993,Portugal,9973.8
1993,Norway,4312.0
1993,Korea,44195.0
1993,Japan,124938.0
1993,Italy,56831.8
1993,Ireland,3574.0
1993,Iceland,263.8
1993,Germany,80946.0
1993,Finland,5066.4
1993,Denmark,5189.326
1993,Costa Rica,3238.595
1993,Chile,13908.473
1993,Canada,28684.764
1993,Australia,17634.8
1992,South Africa,37745.4998
1992,Singapore,3231.0
1992,Indonesia,182316.534
1992,China (People’s Republic of),1171710.0
1992,United States,256922.0
1992,Türkiye,56986.0
1992,Switzerland,6943.095
1992,Spain,39504.113427
1999,Norway,4462.0
1999,Netherlands,15812.0
1999,Luxembourg,431.338
1999,Lithuania,3524.238
1999,Latvia,2390.112
1999,Korea,46617.0
1999,Japan,126587.0
1999,Italy,56916.3
1999,Iceland,277.4
1999,Hungary,10237.53
1999,Greece,10761.705
1999,Germany,81422.0
1999,Finland,5165.5
1999,Estonia,1379.2
1999,Denmark,5320.516
1999,Czechia,10282.784
1999,Costa Rica,3787.072
1999,Chile,15197.213
1999,Canada,30401.286
1999,Austria,7992.323
1998,South Africa,42615.2393
1998,Singapore,3927.0
1998,Romania,22502.8
1998,Malta,385.269
1998,Indonesia,198147.795
1998,Croatia,4532.136
1998,China (People’s Republic of),1247610.0
1998,Cameroon,14724.0
1998,Bulgaria,8256.786
1998,Brazil,168606.4
1998,United States,276154.0
1998,Türkiye,62464.0
1998,Switzerland,7176.775813
1998,Sweden,8851.75
1998,Spain,40214.066
1998,Slovenia,1982.353
1998,Slovak Republic,5390.838
1998,Portugal,10160.196
1998,Poland,38284.0
1998,Norway,4431.0
1998,Netherlands,15707.0
1998,Luxembourg,425.195
1998,Lithuania,3549.331
1998,Latvia,2409.875
1998,Korea,46287.0
1998,Japan,126349.0
1998,Italy,56906.7
1998,Iceland,274.0
1998,Hungary,10266.57
1998,Greece,10720.566
1998,Germany,81446.0
1998,Finland,5153.5
1998,Estonia,1393.1
1998,Denmark,5303.229
1998,Czechia,10294.943
1998,Costa Rica,3697.323
1998,Chile,14996.647
1998,Canada,30155.173
1998,Austria,7976.789
1997,South Africa,41824.4291
1997,Singapore,3796.0
1997,Romania,22545.93
1997,Malta,382.787
1997,Indonesia,195416.867
1997,Croatia,4534.92
1997,China (People’s Republic of),1236260.0
1997,Cameroon,14344.0
1997,Bulgaria,8312.068
1997,Brazil,166187.066
1997,United States,272958.0
1997,Türkiye,61582.0
1997,Switzerland,7152.972156
1997,Sweden,8846.75
1997,Spain,40049.974
1997,Slovenia,1986.327
1997,Slovak Republic,5383.472
1997,Portugal,10108.977
1997,Poland,38292.0
1997,Norway,4405.0
1997,Netherlands,15611.0
1997,Luxembourg,419.85
1997,Lithuania,3575.137
1997,Latvia,2433.238
1997,Korea,45954.0
1997,Japan,126011.0
1997,Italy,56890.4
1997,Iceland,270.9
1997,Hungary,10290.486
1997,Greece,10661.312
1997,Germany,81510.0
1997,France,59817.0
1997,Finland,5139.8
1997,Estonia,1406.0
1997,Denmark,5284.913
1997,Czechia,10303.642
1997,Costa Rica,3609.802
1997,Chile,14796.076
1997,Canada,29905.948
1997,Austria,7968.041
1996,South Africa,41015.6872
1996,Singapore,3671.0
1996,Romania,22607.62
1996,Malta,379.998
1996,Indonesia,192723.577
1996,Croatia,4557.097
1996,China (People’s Republic of),1223890.0
1996,Cameroon,13971.0
1996,Bulgaria,8362.826
1996,Brazil,163767.821
1996,United States,269714.0
1996,Türkiye,60671.0
1996,Switzerland,7132.094406
1996,Sweden,8842.25
1996,Spain,39884.246
1996,Slovenia,1989.856
1996,Slovak Republic,5373.648
1996,Portugal,10063.945
1996,Poland,38289.0
1996,Norway,4381.0
1996,Netherlands,15530.0
1996,Luxembourg,414.462
1996,Lithuania,3601.613
1996,Latvia,2456.95
1996,Korea,45525.0
1996,Japan,125711.0
1996,Italy,56860.3
1996,Iceland,268.9
1996,Hungary,10311.238
1996,Greece,10608.821
1996,Germany,81466.0
1996,Finland,5124.6
1996,Estonia,1425.2
1996,Denmark,5262.456
1996,Czechia,10315.353
1996,Costa Rica,3517.828
1996,Chile,14595.504
1996,Canada,29610.218
1996,Austria,7959.016
1995,South Africa,40203.5469
1995,Singapore,3525.0
1995,Romania,22680.95
1995,Malta,377.784
1995,Indonesia,190067.407
1995,Croatia,4620.03
1995,China (People’s Republic of),1211210.0
1995,Cameroon,13600.0
1995,Bulgaria,8406.067
1995,Brazil,161345.581
1995,United States,266588.0
1995,Türkiye,59756.0
1995,Switzerland,7099.85921
1995,Sweden,8829.75
1995,Spain,39718.895
2003,Sweden,8957.75
2003,Spain,42196.231
2003,Slovenia,1996.278
2003,Slovak Republic,5379.331
2003,Portugal,10458.821
2003,Poland,38195.177
2003,Norway,4565.0
2003,Netherlands,16225.0
2003,Luxembourg,452.262
2003,Lithuania,3415.213
2003,Latvia,2288.088
2003,Korea,47892.0
2003,Japan,127634.0
2003,Italy,57399.2
2003,Iceland,289.5
2003,Hungary,10129.552
2003,Greece,10928.091
2003,Germany,81549.0
2003,Finland,5213.0
2003,Estonia,1375.2
2003,Denmark,5389.521
2003,Czechia,10201.651
2003,Costa Rica,4081.883
2003,Colombia,39593.788333
2003,Chile,15919.479
2003,Canada,31642.461
2003,Austria,8118.245
2002,South Africa,45920.830606
2002,Singapore,4176.0
2002,Senegal,9858.482411
2002,Romania,21675.78
2002,Malta,395.933
2002,Indonesia,211415.902
2002,Croatia,4305.439
2002,China (People’s Republic of),1284530.0
2002,Cameroon,16358.0
2002,Bulgaria,7868.9
2002,Brazil,178499.255
2002,Argentina,37516.0
2002,United States,287955.0
2002,Türkiye,66003.0
2002,Switzerland,7340.577344
2002,Sweden,8926.75
2002,Spain,41423.52
2002,Slovenia,1995.032
2002,Slovak Republic,5378.661
2002,Portugal,10419.631
2002,Poland,38232.301
2002,Norway,4538.0
2002,Netherlands,16149.0
2002,Luxembourg,446.65
2002,Lithuania,3443.067
2002,Latvia,2310.375
2002,Korea,47645.0
2002,Japan,127400.0
2002,Italy,57089.8
2002,Iceland,287.5
2002,Hungary,10158.608
2002,Greece,10902.005
2002,Germany,81578.0
2002,Finland,5200.6
2002,Estonia,1383.5
2002,Denmark,5375.575
2002,Czechia,10200.774
2002,Costa Rica,4023.422
2002,Colombia,39106.6975
2002,Chile,15745.583
2002,Canada,31359.199
2002,Austria,8082.121
2001,South Africa,44819.777
2001,Singapore,4138.0
2001,Senegal,9580.643743
2001,Romania,22408.39
2001,Malta,393.095
2001,Indonesia,208250.492
2001,China (People’s Republic of),1276270.0
2001,Cameroon,15929.0
2001,Bulgaria,7913.301
2001,Brazil,176208.646
2001,Argentina,37156.0
2001,United States,285225.0
2001,Türkiye,65166.0
2001,Switzerland,7288.489531
2001,Sweden,8896.75
2001,Spain,40766.049
2001,Slovenia,1991.951
2001,Portugal,10362.722
2001,Poland,38250.79
2001,Norway,4514.0
2001,Netherlands,16046.0
2001,Luxembourg,441.862
2001,Lithuania,3470.818
2001,Latvia,2337.7
2001,Korea,47370.0
2001,Japan,127132.0
2001,Italy,56979.8
2001,Iceland,285.0
2001,Hungary,10187.576
2001,Greece,10862.146
2001,Germany,81517.0
2001,Finland,5188.0
2001,Estonia,1392.7
2001,Denmark,5357.285
2001,Czechia,10224.192
2001,Costa Rica,3953.042
2001,Colombia,38609.398
2001,Chile,15571.679
2001,Canada,31020.855
2001,Austria,8042.293
2000,South Africa,44107.8586
2000,Singapore,4028.0
2000,Senegal,9310.635318
2000,Romania,22435.21
2000,Malta,389.962
2000,Indonesia,205132.483
2000,Croatia,4468.302
2000,China (People’s Republic of),1267430.0
2000,Cameroon,15514.0
2000,Bulgaria,8170.172
2000,Brazil,173765.726
2000,Argentina,36784.0
2000,United States,282398.0
2000,Türkiye,64269.0
2000,Switzerland,7252.603844
2000,Sweden,8871.25
2000,Spain,40554.387
2000,Slovenia,1989.395
2000,Slovak Republic,5400.704
2000,Portugal,10289.898
2000,Poland,38255.945
2000,Norway,4491.0
2000,Netherlands,15926.0
2000,Luxembourg,436.975
2000,Lithuania,3499.536
2000,Latvia,2367.612
2000,Korea,47008.0
2000,Japan,126831.0
2000,Italy,56942.1
2000,Iceland,281.2
2000,Hungary,10210.971
2000,Greece,10805.796
2000,Germany,81457.0
2000,Finland,5176.2
2000,Estonia,1401.3
2000,Denmark,5338.491
2000,Czechia,10272.503
2000,Costa Rica,3869.832
2000,Chile,15397.784
2000,Canada,30685.73
2000,Austria,8011.566
1999,South Africa,43378.8574
1999,Singapore,3959.0
1999,Senegal,9048.236461
1999,Romania,22458.02
1999,Malta,387.484
1999,Indonesia,200916.888
1999,Croatia,4512.598
1999,China (People’s Republic of),1257860.0
1999,Cameroon,15113.0
1999,Bulgaria,8210.624
1999,Brazil,171029.011
1999,United States,279328.0
1999,Türkiye,63364.0
1999,Switzerland,7214.76625
1999,Sweden,8857.5
1999,Spain,40369.667
1999,Slovenia,1983.714
1999,Slovak Republic,5395.608
1999,Portugal,10217.828
1999,Poland,38270.0
2007,Poland,38115.967
2007,Norway,4709.0
2007,Netherlands,16382.0
2007,Mexico,109795.643
2007,Luxembourg,480.7
2007,Lithuania,3231.294
2007,Latvia,2201.025
2007,Korea,48684.0
2007,Japan,127980.0
2007,Italy,58756.2
2007,Ireland,4400.184
2007,Iceland,311.6
2007,Hungary,10055.78
2007,Greece,11048.499
2007,Germany,80992.0
2007,Finland,5288.7
2007,Estonia,1342.9
2007,Denmark,5460.399
2007,Czechia,10322.689
2007,Costa Rica,4340.634
2007,Colombia,41463.28575
2007,Chile,16598.35175
2007,Canada,32888.886
2007,Austria,8295.189
2006,Zambia,11971.567
2006,South Africa,48204.889342
2006,Singapore,4401.0
2006,Senegal,11052.781
2006,Romania,21193.75
2006,Malta,405.251
2006,Indonesia,224566.029
2006,Croatia,4313.009
2006,China (People’s Republic of),1314480.0
2006,Cameroon,18224.0
2006,Bulgaria,7699.02
2006,Brazil,187061.61
2006,Argentina,38971.0
2006,United States,298818.0
2006,Türkiye,69295.0
2006,Switzerland,7534.377719
2006,Sweden,9083.25
2006,Spain,44360.521
2006,Slovenia,2007.848
2006,Slovak Republic,5390.92
2006,Portugal,10522.288
2006,Poland,38132.277
2006,Norway,4661.0
2006,Netherlands,16346.0
2006,Mexico,108416.556
2006,Luxembourg,472.925
2006,Lithuania,3269.909
2006,Latvia,2218.662
2006,Korea,48438.0
2006,Japan,127838.0
2006,Italy,58399.9
2006,Ireland,4269.823
2006,Iceland,303.8
2006,Hungary,10071.37
2006,Greece,11020.393
2006,Germany,81173.0
2006,Finland,5266.3
2006,Estonia,1350.7
2006,Denmark,5436.756
2006,Czechia,10266.646
2006,Costa Rica,4280.966
2006,Colombia,41010.995167
2006,Chile,16426.18131
2006,Canada,32571.193
2006,Belgium,10548.0
2006,Austria,8267.948
2005,South Africa,47601.908748
2005,Singapore,4266.0
2005,Senegal,10741.283771
2005,Romania,21319.67
2005,Malta,403.797
2005,Indonesia,221203.704
2005,Croatia,4311.674
2005,China (People’s Republic of),1307560.0
2005,Cameroon,17733.0
2005,Bulgaria,7739.9
2005,Brazil,184991.143
2005,Argentina,38592.0
2005,United States,295993.0
2005,Türkiye,68435.0
2005,Switzerland,7487.641344
2005,Sweden,9026.75
2005,Spain,43662.613
2005,Slovenia,2000.813
2005,Slovak Republic,5387.099
2005,Portugal,10503.33
2005,Poland,38161.313
2005,Norway,4623.0
2005,Netherlands,16320.0
2005,Mexico,107155.784
2005,Luxembourg,465.7
2005,Lithuania,3322.528
2005,Latvia,2238.75
2005,Korea,48185.0
2005,Japan,127755.0
2005,Italy,58166.7
2005,Iceland,296.7
2005,Hungary,10087.065
2005,Greece,10987.352
2005,Germany,81337.0
2005,Finland,5246.1
2005,Estonia,1358.9
2005,Denmark,5418.559
2005,Czechia,10234.092
2005,Costa Rica,4214.242
2005,Colombia,40532.688083
2005,Chile,16283.29545
2005,Canada,32242.732
2005,Austria,8225.278
2004,South Africa,47020.712718
2004,Singapore,4167.0
2004,Senegal,10438.565375
2004,Malta,401.16
2004,Indonesia,217891.804
2004,Croatia,4308.293
2004,China (People’s Republic of),1299880.0
2004,Cameroon,17259.0
2004,Bulgaria,7781.161
2004,Brazil,182865.043
2004,Argentina,38226.0
2004,United States,293262.0
2004,Türkiye,67599.0
2004,Switzerland,7443.493906
2004,Sweden,8993.5
2004,Spain,42859.172
2004,Slovenia,1997.271
2004,Slovak Republic,5382.364
2004,Portugal,10483.861
2004,Poland,38180.249
2004,Norway,4592.0
2004,Netherlands,16282.0
2004,Luxembourg,458.512
2004,Lithuania,3377.075
2004,Latvia,2263.0
2004,Korea,48083.0
2004,Japan,127734.0
2004,Italy,57828.2
2004,Iceland,292.1
2004,Hungary,10107.146
2004,Greece,10955.163
2004,Germany,81456.0
2004,Finland,5228.2
2004,Estonia,1366.3
2004,Denmark,5403.04
2004,Czechia,10206.923
2004,Costa Rica,4147.673
2004,Colombia,40066.908
2004,Chile,16090.05447
2004,Canada,31938.807
2004,Austria,8169.441
2003,South Africa,46460.58146
2003,Singapore,4115.0
2003,Senegal,10144.378401
2003,Romania,21574.37
2003,Malta,398.567
2003,Indonesia,214629.366
2003,Croatia,4305.555
2003,China (People’s Republic of),1292270.0
2003,Cameroon,16801.0
2003,Bulgaria,7823.557
2003,Brazil,180708.344
2003,Argentina,37870.0
2003,United States,290626.0
2003,Türkiye,66795.0
2003,Switzerland,7394.05275
2011,Estonia,1329.7
2011,Denmark,5570.213
2011,Czechia,10496.672
2011,Costa Rica,4589.639
2011,Colombia,43325.6005
2011,Chile,17254.159
2011,Canada,34339.221
2011,Austria,8388.534
2010,Zambia,13792.086
2010,Singapore,5077.0
2010,Senegal,12391.761
2010,Romania,20246.8
2010,Malta,414.47
2010,Madagascar,21731.053
2010,Indonesia,238518.8
2010,Georgia,3786.695
2010,Croatia,4296.352
2010,China (People’s Republic of),1340910.0
2010,Cameroon,20341.0
2010,Cabo Verde,509.7845
2010,Bulgaria,7534.289
2010,Brazil,194890.682
2010,Argentina,40788.453
2010,United States,309839.0
2010,Türkiye,73142.0
2010,Switzerland,7839.1045
2010,Sweden,9377.0
2010,Spain,46562.483
2010,Slovenia,2048.821
2010,Slovak Republic,5429.973
2010,Portugal,10573.1
2010,Norway,4889.0
2010,Netherlands,16615.0
2010,Mexico,112363.037
2010,Luxembourg,507.538
2010,Lithuania,3097.282
2010,Latvia,2097.288
2010,Korea,49554.0
2010,Japan,128043.0
2010,Italy,59819.4
2010,Ireland,4559.769
2010,Iceland,314.7
2010,Hungary,10000.023
2010,Greece,11121.383
2010,Germany,80284.0
2010,Finland,5363.4
2010,Estonia,1333.3
2010,Denmark,5547.363
2010,Czechia,10517.247
2010,Costa Rica,4546.674
2010,Colombia,42880.824833
2010,Chile,17063.927
2010,Canada,34005.902
2010,Austria,8361.069
2009,Zambia,13318.087
2009,Singapore,4988.0
2009,Senegal,12042.528
2009,Romania,20367.44
2009,Malta,412.452
2009,Madagascar,21117.092
2009,Indonesia,234962.716
2009,Croatia,4306.322
2009,China (People’s Republic of),1334500.0
2009,Cameroon,19790.0
2009,Cabo Verde,506.141
2009,Bulgaria,7585.131
2009,Brazil,192980.905
2009,Argentina,40134.0
2009,United States,307240.0
2009,Türkiye,72039.0
2009,Switzerland,7779.185844
2009,Sweden,9296.5
2009,Spain,46367.55
2009,Slovenia,2041.66
2009,Slovak Republic,5417.758
2009,Portugal,10568.247
2009,Norway,4829.0
2009,Netherlands,16530.0
2009,Mexico,110852.012
2009,Luxembourg,498.218
2009,Lithuania,3162.916
2009,Latvia,2141.988
2009,Korea,49308.0
2009,Japan,128034.0
2009,Italy,59555.5
2009,Ireland,4539.158
2009,Iceland,318.5
2009,Hungary,10022.65
2009,Greece,11107.024
2009,Germany,80483.0
2009,Finland,5338.9
2009,Estonia,1335.7
2009,Denmark,5522.588
2009,Czechia,10491.492
2009,Costa Rica,4470.132
2009,Colombia,42384.604833
2009,Chile,16927.785
2009,Canada,33630.069
2009,Austria,8341.483
2008,Zambia,12852.966
2008,Singapore,4839.0
2008,Senegal,11703.137
2008,Romania,20537.85
2008,Malta,409.375
2008,Madagascar,20513.599
2008,Indonesia,231444.727
2008,Croatia,4310.882
2008,China (People’s Republic of),1328020.0
2008,Cameroon,19253.0
2008,Cabo Verde,501.355
2008,Bulgaria,7623.395
2008,Brazil,191010.274
2008,Argentina,39746.0
2008,United States,304543.0
2008,Türkiye,71052.0
2008,Switzerland,7692.100906
2008,Sweden,9218.1
2008,Spain,45983.169
2008,Slovak Republic,5405.86
2008,Portugal,10558.177
2008,Poland,38115.909
2008,Norway,4768.0
2008,Netherlands,16446.0
2008,Mexico,109326.768
2008,Luxembourg,489.225
2008,Lithuania,3198.231
2008,Latvia,2177.725
2008,Korea,49055.0
2008,Japan,128045.0
2008,Italy,59211.2
2008,Ireland,4496.032
2008,Iceland,317.4
2008,Hungary,10038.188
2008,Greece,11077.863
2008,Germany,80764.0
2008,Finland,5313.4
2008,Estonia,1338.4
2008,Denmark,5492.726
2008,Czechia,10429.692
2008,Costa Rica,4402.775
2008,Colombia,41911.459083
2008,Chile,16763.59525
2008,Canada,33247.298
2008,Belgium,10710.0
2008,Austria,8321.541
2007,Zambia,12402.073
2007,South Africa,48830.411277
2007,Singapore,4589.0
2007,Senegal,11373.311
2007,Romania,20882.98
2007,Malta,406.738
2007,Madagascar,19924.958
2007,Indonesia,227979.424
2007,Croatia,4312.749
2007,China (People’s Republic of),1321290.0
2007,Cameroon,18730.0
2007,Cabo Verde,496.1895
2007,Bulgaria,7659.764
2007,Brazil,189038.268
2007,Argentina,39356.0
2007,United States,301696.0
2007,Türkiye,70158.0
2007,Switzerland,7601.839063
2007,Sweden,9146.0
2007,Spain,45236.004
2007,Slovenia,2018.865
2007,Slovak Republic,5396.568
2007,Portugal,10542.964
2014,Georgia,3719.4135
2014,Croatia,4236.063
2014,China (People’s Republic of),1376460.0
2014,Cameroon,22682.0
2014,Cabo Verde,512.3255
2014,Bulgaria,7073.572
2014,Brazil,201717.541
2014,Argentina,42669.5
2014,United States,319601.0
2014,Türkiye,77182.0
2014,Switzerland,8188.5415
2014,Sweden,9697.025
2014,Spain,46433.05
2014,Slovenia,2061.8
2014,Slovak Republic,5418.559
2014,Portugal,10419.607
2014,Poland,38006.154
2014,Norway,5137.0
2014,Netherlands,16865.0
2014,Mexico,117701.008
2014,Luxembourg,558.325
2014,Lithuania,2937.253
2014,Latvia,1994.25
2014,Korea,50747.0
2014,Japan,127262.0
2014,Italy,60320.7
2014,Iceland,321.4
2014,Hungary,9833.038
2014,Greece,10892.381
2014,Germany,80983.0
2014,Finland,5462.5
2014,Estonia,1315.8
2014,Denmark,5643.346
2014,Czechia,10503.791
2014,Costa Rica,4770.658
2014,Colombia,44914.122417
2014,Chile,17787.617006
2014,Canada,35434.066
2014,Austria,8543.932
2013,Zambia,15234.976
2013,Singapore,5399.0
2013,Senegal,13510.0
2013,Romania,19988.69
2013,Malta,426.073
2013,Madagascar,23588.074
2013,Indonesia,248818.1
2013,Georgia,3717.6675
2013,Croatia,4254.475
2013,China (People’s Republic of),1367260.0
2013,Cameroon,22077.0
2013,Cabo Verde,512.225
2013,Bulgaria,7160.005
2013,Brazil,200004.188
2013,Argentina,42202.935
2013,United States,317099.0
2013,Türkiye,76148.0
2013,Switzerland,8089.15775
2013,Sweden,9598.95
2013,Spain,46581.124
2013,Slovenia,2059.547
2013,Slovak Republic,5413.003
2013,Portugal,10473.991
2013,Poland,38031.632
2013,Norway,5080.0
2013,Netherlands,16804.0
2013,Mexico,116353.584
2013,Luxembourg,545.325
2013,Lithuania,2961.25
2013,Latvia,2012.812
2013,Korea,50429.0
2013,Japan,127333.0
2013,Italy,60311.6
2013,Ireland,4620.042
2013,Iceland,317.8
2013,Hungary,9872.734
2013,Greece,10965.214
2013,Germany,80646.0
2013,Finland,5439.0
2013,Estonia,1320.2
2013,Denmark,5613.263
2013,Czechia,10502.381
2013,Costa Rica,4710.354
2013,Colombia,44164.648083
2013,Chile,17611.902002
2013,Canada,35080.992
2013,Austria,8477.23
2012,Zambia,14744.658
2012,Singapore,5312.0
2012,Senegal,13120.905
2012,Romania,20060.18
2012,Malta,420.062
2012,Madagascar,22966.24
2012,Indonesia,245425.2
2012,Georgia,3728.8735
2012,Croatia,4269.062
2012,China (People’s Republic of),1359220.0
2012,Cameroon,21485.0
2012,Cabo Verde,511.955
2012,Bulgaria,7264.89
2012,Brazil,198314.934
2012,Argentina,41733.271
2012,United States,314725.0
2012,Türkiye,75176.0
2012,Switzerland,7995.89
2012,Sweden,9517.25
2012,Spain,46749.303
2012,Slovenia,2056.768
2012,Slovak Republic,5406.244
2012,Portugal,10531.42
2012,Poland,38059.134
2012,Norway,5019.0
2012,Netherlands,16755.0
2012,Mexico,115013.177
2012,Luxembourg,531.5
2012,Lithuania,2989.139
2012,Latvia,2033.65
2012,Korea,50200.0
2012,Japan,127552.0
2012,Italy,60191.2
2012,Iceland,314.5
2012,Greece,11045.01
2012,Germany,80426.0
2012,Finland,5414.0
2012,Estonia,1325.2
2012,Denmark,5590.77
2012,Czechia,10506.87
2012,Costa Rica,4650.517
2012,Colombia,43752.2765
2012,Chile,17443.491
2012,Canada,34713.395
2012,Austria,8426.311
2011,Zambia,14265.814
2011,Singapore,5184.0
2011,Senegal,12751.123
2011,Romania,20147.66
2011,Malta,416.272
2011,Madagascar,22348.158
2011,Indonesia,241990.7
2011,Georgia,3756.4405
2011,Croatia,4282.921
2011,China (People’s Republic of),1349160.0
2011,Cameroon,20906.0
2011,Cabo Verde,511.4465
2011,Bulgaria,7348.328
2011,Brazil,196603.732
2011,Argentina,41261.49
2011,United States,312295.0
2011,Türkiye,74224.0
2011,Switzerland,7909.4155
2011,Sweden,9448.8
2011,Spain,46736.257
2011,Slovenia,2052.839
2011,Poland,38051.032
2011,Norway,4953.0
2011,Netherlands,16693.0
2011,Mexico,113692.425
2011,Luxembourg,519.425
2011,Lithuania,3028.115
2011,Latvia,2058.825
2011,Korea,49937.0
2011,Japan,127831.0
2011,Italy,60026.8
2011,Ireland,4578.543
2011,Iceland,312.5
2011,Hungary,9971.727
2011,Greece,11104.944
2011,Germany,80275.0
2011,Finland,5388.3
2018,Japan,126443.0
2018,Italy,59877.2
2018,Ireland,4890.407
2018,Iceland,345.8
2018,Hungary,9706.964
2018,Greece,10732.887
2018,Germany,82906.0
2018,Finland,5516.2
2018,Estonia,1319.133
2018,Denmark,5793.868
2018,Czechia,10534.226
2018,Costa Rica,5000.928
2018,Colombia,47241.101333
2018,Chile,18751.405001
2018,Canada,37072.62
2018,Austria,8837.707
2018,Australia,24963.258
2017,Zambia,17298.054
2017,Singapore,5612.0
2017,Senegal,15256.0
2017,Romania,19592.93
2017,Malta,468.495
2017,Madagascar,26169.542
2017,Indonesia,261355.5
2017,Georgia,3728.0035
2017,Croatia,4129.853
2017,China (People’s Republic of),1400110.0
2017,Cameroon,24566.0
2017,Cabo Verde,512.893
2017,Bulgaria,6803.468
2017,Brazil,206804.741
2017,Argentina,44044.811
2017,United States,326860.0
2017,Türkiye,80313.0
2017,Switzerland,8457.41275
2017,Sweden,10057.6975
2017,Spain,46510.461
2017,Slovenia,2065.819
2017,Slovak Republic,5438.389
2017,Portugal,10340.124
2017,Poland,37962.318
2017,Norway,5277.0
2017,Netherlands,17131.0
2017,Mexico,121808.909
2017,Luxembourg,596.976
2017,Lithuania,2842.639
2017,Latvia,1941.162
2017,Korea,51362.0
2017,Japan,126706.0
2017,Italy,60002.3
2017,Ireland,4821.083
2017,Iceland,337.3
2017,Hungary,9726.756
2017,Greece,10754.688
2017,Germany,82657.0
2017,Finland,5508.2
2017,Estonia,1315.6
2017,Denmark,5765.103
2017,Czechia,10520.948
2017,Costa Rica,4944.804
2017,Colombia,46421.760667
2017,Chile,18419.192001
2017,Canada,36545.075
2017,Austria,8795.073
2017,Australia,24592.588
2016,Zambia,16767.761
2016,Singapore,5607.0
2016,Senegal,14799.859
2016,Romania,19706.42
2016,Malta,455.671
2016,Madagascar,25501.941
2016,Indonesia,258496.5
2016,Georgia,3727.505
2016,Croatia,4172.441
2016,China (People’s Republic of),1392320.0
2016,Cameroon,23927.0
2016,Cabo Verde,512.5545
2016,Bulgaria,6894.139
2016,Brazil,205156.587
2016,Argentina,43590.368
2016,United States,324609.0
2016,Türkiye,79278.0
2016,Switzerland,8379.319
2016,Sweden,9915.43725
2016,Spain,46427.1
2016,Slovenia,2064.633
2016,Slovak Republic,5430.804
2016,Portugal,10356.516
2016,Poland,37956.779
2016,Norway,5236.0
2016,Netherlands,17030.0
2016,Mexico,120419.474
2016,Luxembourg,584.125
2016,Lithuania,2877.325
2016,Latvia,1959.338
2016,Korea,51218.0
2016,Japan,126933.0
2016,Italy,60115.2
2016,Ireland,4752.464
2016,Iceland,329.3
2016,Hungary,9759.755
2016,Greece,10775.979
2016,Germany,82349.0
2016,Finland,5495.3
2016,Estonia,1315.9
2016,Denmark,5728.752
2016,Czechia,10513.668
2016,Costa Rica,4887.976
2016,Colombia,45844.571
2016,Chile,18167.147
2016,Canada,36110.803
2016,Austria,8739.806
2015,Zambia,16248.23
2015,Singapore,5535.0
2015,Senegal,14356.575
2015,Romania,19822.25
2015,Malta,445.345
2015,Madagascar,24850.913
2015,Indonesia,255587.5
2015,Georgia,3725.276
2015,Croatia,4207.993
2015,China (People’s Republic of),1383260.0
2015,Cameroon,23298.0
2015,Cabo Verde,512.3935
2015,Bulgaria,6984.225
2015,Brazil,203475.683
2015,Argentina,43131.966
2015,United States,322113.0
2015,Türkiye,78218.0
2015,Switzerland,8289.76675
2015,Sweden,9799.186
2015,Spain,46384.379
2015,Slovenia,2063.298
2015,Slovak Republic,5422.343
2015,Portugal,10381.838
2015,Poland,37981.588
2015,Norway,5190.0
2015,Netherlands,16940.0
2015,Mexico,119050.487
2015,Luxembourg,569.4
2015,Lithuania,2911.109
2015,Latvia,1977.312
2015,Korea,51015.0
2015,Japan,127110.0
2015,Italy,60229.6
2015,Ireland,4695.773
2015,Iceland,324.5
2015,Hungary,9797.755
2015,Greece,10820.912
2015,Germany,81687.0
2015,Finland,5480.5
2015,Estonia,1313.3
2015,Denmark,5682.449
2015,Czechia,10507.55
2015,Costa Rica,4829.654
2015,Colombia,45348.453167
2015,Chile,17971.423
2015,Canada,35704.498
2015,Austria,8629.519
2014,Zambia,15737.793
2014,Singapore,5470.0
2014,Senegal,13925.802
2014,Romania,19916.45
2014,Malta,434.881
2014,Madagascar,24215.976
2014,Indonesia,252164.8
2021,Singapore,5454.0
2021,Senegal,17223.497
2021,Malta,518.68
2021,Madagascar,28915.653
2021,Indonesia,272682.5
2021,Georgia,3708.61
2021,Croatia,3922.939375
2021,China (People’s Republic of),1412600.0
2021,Cabo Verde,516.649
2021,Bulgaria,6507.301
2021,Brazil,213317.639
2021,Argentina,45808.8
2021,Türkiye,84147.0
2021,Switzerland,8708.2185
2021,Sweden,10415.8105
2021,Spain,47346.836
2021,Slovenia,2107.73
2021,Portugal,10407.707
2021,Poland,36972.726
2021,Norway,5408.0
2021,Netherlands,17533.0
2021,Mexico,127615.215
2021,Luxembourg,641.137
2021,Lithuania,2808.38
2021,Latvia,1884.75
2021,Korea,51770.0
2021,Japan,125502.0
2021,Italy,59133.2
2021,Ireland,5091.848
2021,Iceland,361.6
2021,Hungary,9630.932
2021,Greece,10640.409
2021,Finland,5541.5
2021,Estonia,1330.068
2021,Denmark,5854.42
2021,Czechia,10500.85
2021,Costa Rica,5161.05
2021,Colombia,49941.37375
2021,Chile,19678.363007
2021,Canada,38239.864
2021,Austria,8951.541
2021,Australia,25685.412
2020,Zambia,18927.715
2020,Singapore,5686.0
2020,Senegal,16705.608
2020,Romania,19296.08
2020,Malta,515.877
2020,Madagascar,28225.177
2020,Indonesia,270203.9
2020,Georgia,3722.7155
2020,Croatia,3950.397125
2020,China (People’s Republic of),1412120.0
2020,Cameroon,26546.0
2020,Cabo Verde,514.6795
2020,Bulgaria,6550.696
2020,Brazil,211755.692
2020,Argentina,45376.8
2020,Türkiye,83385.0
2020,Switzerland,8644.345
2020,Sweden,10353.442
2020,Spain,47344.852
2020,Slovenia,2102.8
2020,Slovak Republic,5460.51
2020,Portugal,10384.846
2020,Norway,5379.0
2020,Netherlands,17442.0
2020,Mexico,126383.323
2020,Luxembourg,631.145
2020,Lithuania,2810.369
2020,Latvia,1900.862
2020,Korea,51836.0
2020,Japan,125708.4
2020,Italy,59438.9
2020,Ireland,5034.43
2020,Iceland,356.2
2020,Hungary,9670.419
2020,Greece,10698.59
2020,Germany,83161.0
2020,Finland,5530.7
2020,Estonia,1328.889
2020,Denmark,5829.703
2020,Czechia,10502.151
2020,Costa Rica,5108.539
2020,Colombia,49260.97125
2020,Chile,19458.31
2020,Canada,38028.638
2020,Austria,8916.845
2020,Australia,25649.248
2019,Zambia,18380.477
2019,Singapore,5704.0
2019,Senegal,16209.111
2019,Romania,19394.23
2019,Malta,504.736
2019,Madagascar,27533.134
2019,Indonesia,266911.9
2019,Georgia,3720.161
2019,China (People’s Republic of),1410080.0
2019,Cameroon,25876.0
2019,Cabo Verde,514.104
2019,Bulgaria,6616.726
2019,Brazil,210147.125
2019,Argentina,44938.712
2019,United States,330513.0
2019,Türkiye,82579.0
2019,Switzerland,8579.5675
2019,Sweden,10284.0735
2019,Spain,47087.778
2019,Slovenia,2089.014
2019,Slovak Republic,5453.244
2019,Portugal,10354.446
2019,Poland,37948.14
2019,Norway,5348.0
2019,Netherlands,17345.0
2019,Mexico,124960.089
2019,Luxembourg,621.527
2019,Lithuania,2811.089
2019,Latvia,1913.188
2019,Korea,51765.0
2019,Japan,126166.9
2019,Italy,59729.1
2019,Ireland,4967.462
2019,Iceland,351.8
2019,Hungary,9694.824
2019,Greece,10721.566
2019,Germany,83093.0
2019,Finland,5521.6
2019,Estonia,1324.82
2019,Denmark,5816.94
2019,Czechia,10550.313
2019,Costa Rica,5055.238
2019,Colombia,48322.80725
2019,Chile,19107.216
2019,Canada,37618.495
2019,Belgium,11489.0
2019,Austria,8877.637
2019,Australia,25334.826
2018,Zambia,17835.893
2018,Singapore,5639.0
2018,Senegal,15726.0
2018,Romania,19483.84
2018,Malta,485.229
2018,Madagascar,26846.541
2018,Indonesia,264161.6
2018,Georgia,3726.5485
2018,Croatia,4090.87
2018,China (People’s Republic of),1405410.0
2018,Cameroon,25216.0
2018,Cabo Verde,513.415
2018,Bulgaria,6710.798
2018,Brazil,208494.9
2018,Argentina,44494.502
2018,United States,328794.0
2018,Türkiye,81407.0
2018,Switzerland,8518.32975
2018,Sweden,10175.2135
2018,Spain,46715.383
2018,Slovenia,2071.956
2018,Slovak Republic,5446.011
2018,Portugal,10334.633
2018,Poland,37956.268
2018,Norway,5312.0
2018,Netherlands,17232.0
2018,Mexico,123336.376
2018,Luxembourg,608.805
2018,Lithuania,2819.2
2018,Latvia,1926.25
2018,Korea,51585.0
1994,Luxembourg,403.811833
1994,Hungary,10261.0
1994,Greece,10534.065148
1994,Estonia,1477.0
1994,Czechia,10336.162
1994,Colombia,34863.602891
1994,Austria,7936.118
1993,Hong Kong (China),5901.0
1993,Slovak Republic,5324.999752
1993,Poland,38221.499301
1993,Netherlands,15289.337477
1993,Mexico,91601.0
1993,Luxembourg,398.011663
1993,Hungary,10294.0
1993,Greece,10486.490476
1993,Estonia,1511.3
1993,Czechia,10330.607
1993,Colombia,34251.736285
1993,Austria,7905.632
1992,Hong Kong (China),5801.0
1992,Sweden,8670.700464
1992,Slovak Republic,5306.999753
1992,Poland,38173.498674
1992,Netherlands,15181.342157
1992,Mexico,90133.0
1992,Luxembourg,392.411499
1992,Hungary,10324.0
1992,Greece,10428.983724
1992,Czechia,10317.807
1992,Colombia,33602.624918
1992,Austria,7840.709
1991,Hong Kong (China),5752.0
1991,Sweden,8619.684576
1991,Slovak Republic,5282.999754
1991,Portugal,9966.710785
1991,Poland,38109.497838
1991,Netherlands,15067.347096
1991,Mexico,88631.0
1991,Luxembourg,387.111344
1991,Hungary,10346.0
1991,Greece,10353.20194
1991,Czechia,10308.682
1991,Colombia,32949.53848
1991,Austria,7754.891
1990,Hong Kong (China),5704.0
1990,Sweden,8561.666506
1990,Slovak Republic,5297.999753
1990,Portugal,9994.982277
1990,Poland,38031.496819
1990,Netherlands,14946.352339
1990,Mexico,87065.0
1990,Luxembourg,381.911191
1990,Hungary,10365.0
1990,Greece,10266.296226
1990,Czechia,10362.74
1990,Colombia,32286.823708
1990,Austria,7677.85
2022,United Kingdom,67604.0
2021,United Kingdom,66984.0
2020,United Kingdom,66744.0
2019,United Kingdom,66631.0
2018,United Kingdom,66289.0
2017,United Kingdom,65966.0
2016,United Kingdom,65607.0
2015,United Kingdom,65088.0
2014,United Kingdom,64620.0
2013,United Kingdom,64139.0
2012,United Kingdom,63711.0
2011,United Kingdom,63285.0
2010,United Kingdom,62760.0
2009,United Kingdom,62261.0
2008,United Kingdom,61824.0
2007,United Kingdom,61319.0
2006,United Kingdom,60827.0
2005,United Kingdom,60413.0
2004,United Kingdom,59950.0
2003,United Kingdom,59637.0
2002,United Kingdom,59366.0
2001,United Kingdom,59113.0
2000,United Kingdom,58886.0
1999,United Kingdom,58684.0
1998,United Kingdom,58475.0
1997,United Kingdom,58314.0
1996,United Kingdom,58164.0
1995,United Kingdom,58025.0
1994,United Kingdom,57862.0
1993,United Kingdom,57714.0
1992,United Kingdom,57585.0
1991,United Kingdom,57439.0
1990,United Kingdom,57238.0
2023,Madagascar,30325.732
2023,China (People’s Republic of),1409670.0
2023,Cabo Verde,522.3305
2023,Bulgaria,6446.596
2023,Türkiye,85326.0
2023,Switzerland,8915.2855
2023,Sweden,10599.407
2023,Slovenia,2120.544
2023,Slovak Republic,5457.49
2023,Poland,37630.448
2023,Mexico,129317.73
2023,Luxembourg,667.755
2023,Lithuania,2871.585
2023,Latvia,1881.538
2023,Korea,51713.0
2023,Japan,124352.0
2023,Ireland,5295.866
2023,Iceland,379.5
2023,Finland,5577.4
2023,Estonia,1365.884
2023,Denmark,5947.987
2023,Czechia,10878.042
2023,Costa Rica,5260.078
2023,Colombia,51027.875574
2023,Chile,19960.889001
2023,Austria,9130.731
2022,Singapore,5637.0
2022,Senegal,17738.795
2022,Malta,530.684
2022,Madagascar,29611.714
2022,Indonesia,275773.8
2022,Croatia,3917.982125
2022,China (People’s Republic of),1411750.0
2022,Cabo Verde,519.741
2022,Bulgaria,6465.097
2022,Argentina,46234.83
2022,Türkiye,84980.0
2022,Switzerland,8782.33175
2022,Sweden,10527.17775
2022,Slovenia,2109.393
2022,Slovak Republic,5457.173
2022,Portugal,10468.869
2022,Norway,5457.0
2022,Mexico,128582.096
2022,Luxembourg,655.277
2022,Lithuania,2831.638
2022,Latvia,1886.225
2022,Korea,51673.0
2022,Japan,124947.0
2022,Italy,59013.7
2022,Ireland,5199.746
2022,Iceland,370.1
2022,Hungary,9605.074
2022,Finland,5556.9
2022,Estonia,1331.796
2022,Denmark,5906.385
2022,Czechia,10759.525
2022,Costa Rica,5211.341
2022,Colombia,50495.179417
2022,Chile,19828.563
2022,Austria,9052.872
2022,Australia,26014.399
2021,Zambia,19473.125
2023,Portugal,10578.174
2023,France,68372.0
2023,Croatia,3942.315625
2023,Belgium,11780.0
1994,Belgium,10115.800414
1993,Belgium,10085.801006
1992,Belgium,10046.801776
1991,Belgium,10005.802585
1990,Belgium,9967.803334
2009,Belgium,10796.5
2001,Croatia,4300.45
2023,Spain,48382.506
2023,Netherlands,17877.0
2023,Greece,10548.14
2023,Germany,84514.0
2022,Spain,47781.354
2022,Greece,10579.183
2022,Germany,83798.0
2022,Poland,37779.208
2021,Slovak Republic,5440.661
2021,Germany,83196.0
2019,Croatia,3987.056049
2012,Hungary,9913.588
2011,Slovak Republic,5398.108
2008,Slovenia,2021.972
2001,Slovak Republic,5379.528
2010,Poland,38042.403
2020,Poland,37165.86
2023,Morocco,37021.0
2023,Hong Kong (China),7536.0
2022,Morocco,36669.0
2022,Hong Kong (China),7346.0
2021,Morocco,36310.0
2021,Hong Kong (China),7413.0
2020,Morocco,35952.0
2020,Hong Kong (China),7481.0
2019,Morocco,35587.0
2019,Hong Kong (China),7508.0
2018,Morocco,35219.0
2018,Hong Kong (China),7453.0
2017,Morocco,34851.0
2017,Hong Kong (China),7393.0
2016,Morocco,34487.0
2016,Hong Kong (China),7337.0
2015,Morocco,34124.0
2015,Hong Kong (China),7291.0
2014,Morocco,33772.0
2014,Hong Kong (China),7229.0
2013,Morocco,32950.0
2013,Hong Kong (China),7179.0
2012,Morocco,32597.0
2012,Hong Kong (China),7150.0
2011,Morocco,32186.0
2011,Hong Kong (China),7072.0
2010,Morocco,31851.0
2010,Hong Kong (China),7024.0
2009,Morocco,31514.0
2009,Hong Kong (China),6973.0
2008,Morocco,31178.0
2008,Hong Kong (China),6958.0
2007,Morocco,30841.0
2007,Hong Kong (China),6916.0
2006,Hong Kong (China),6857.0
2005,Hong Kong (China),6813.0
2004,Hong Kong (China),6784.0
2004,Mexico,105952.0
2003,Hong Kong (China),6731.0
2003,Mexico,104720.0
2002,Hong Kong (China),6744.0
2002,Mexico,103418.0
2001,Hong Kong (China),6714.0
2001,Mexico,102122.0
2000,Hong Kong (China),6665.0
2000,Mexico,100896.0
2000,Colombia,38119.3935
1999,Hong Kong (China),6607.0
1999,Mexico,99706.0
1999,Colombia,37585.12874
1998,Hong Kong (China),6544.0
1998,Mexico,98485.0
1998,Colombia,37068.292044
1997,Hong Kong (China),6489.0
1997,Mexico,97205.0
1997,Colombia,36549.163201
1996,Hong Kong (China),6435.0
1996,Mexico,95877.0
1996,Colombia,36012.177761
1995,Hong Kong (China),6156.0
1995,Mexico,94490.0
1995,Colombia,35448.491617
1994,Hong Kong (China),6035.0
1994,Slovak Republic,5346.899751
1994,Poland,38252.499706
1994,Netherlands,15380.333534
1994,Mexico,93055.0
2010,Australia,22031.75
2009,South Africa,50223.59
2009,Poland,38153.389
2009,New Zealand,4317.9
2009,Israel,7617.425
2009,France,64441.0
2009,Australia,21691.653
2008,South Africa,49561.65
2008,New Zealand,4271.0
2008,Israel,7481.875
2008,France,64121.0
2008,Australia,21249.199
2007,New Zealand,4235.3
2007,Israel,7318.65
2007,France,63775.0
2007,Belgium,10625.7
2007,Australia,20827.622
2006,New Zealand,4196.7
2006,Israel,7173.9
2006,France,63394.0
2006,Australia,20450.966
2005,New Zealand,4148.0
2005,Israel,7033.925
2005,Ireland,4160.009
2005,France,62964.0
2005,Belgium,10478.6
2005,Australia,20176.844
2004,Romania,21451.85
2004,New Zealand,4101.3
2004,Israel,6922.1
2004,Ireland,4067.346
2004,France,62501.0
2004,Belgium,10421.1
2004,Australia,19932.722
2003,New Zealand,4044.9
2003,Israel,6809.35
2003,Ireland,3996.994
2003,France,62053.0
2003,Belgium,10376.1
2003,Australia,19720.737
2002,New Zealand,3970.0
2002,Israel,6724.45
2002,Ireland,3931.85
2002,France,61624.0
2002,Belgium,10332.8
2002,Australia,19495.21
2001,New Zealand,3899.5
2001,Israel,6595.3
2001,Ireland,3863.795
2001,France,61184.0
2001,Belgium,10286.6
2001,Australia,19274.701
2000,New Zealand,3865.4
2000,Israel,6437.325
2000,Ireland,3804.254
2000,France,60746.0
2000,Belgium,10251.2
2000,Australia,19028.802
1999,New Zealand,3842.9
1999,Israel,6257.325
1999,Ireland,3754.775
1999,France,60336.0
1999,Belgium,10226.4
1999,Australia,18812.264
1998,New Zealand,3821.8
1998,Israel,6096.125
1998,Ireland,3714.18
1998,France,60032.0
1998,Belgium,10202.4
1998,Australia,18607.584
1997,New Zealand,3792.1
1997,Israel,5938.025
1997,Ireland,3664.3
1997,Belgium,10180.7
1997,Australia,18423.037
1996,New Zealand,3747.3
1996,Israel,5790.175
1996,Ireland,3626.1
1996,France,59612.0
1996,Belgium,10156.6
1996,Australia,18224.767
1995,New Zealand,3690.6
1995,Israel,5603.375
1995,Ireland,3601.3
1995,France,59407.0
1995,Belgium,10136.8
1995,Australia,18004.882
1994,New Zealand,3634.4
1994,France,59199.0
1993,New Zealand,3585.2
1993,France,58986.0
1992,New Zealand,3542.2
1992,France,58740.0
1991,New Zealand,3505.7
1990,France,58176.0
2023,South Africa,60231.0
2023,Singapore,5918.0
2023,Romania,19065.22
2023,Georgia,3715.4825
2023,Cameroon,28372.687
2023,Argentina,46654.6
2023,United States,337141.0
2023,United Kingdom,68492.0
2023,Norway,5520.0
2023,New Zealand,5231.0
2023,Italy,58984.2
2023,Israel,9845.225
2023,Hungary,9592.186
2023,Canada,40083.484
2023,Australia,26652.777
2022,South Africa,59517.24
2022,Romania,19052.69
2022,Georgia,3712.502
2022,Cameroon,27632.771
2022,United States,334372.0
2022,New Zealand,5105.0
2022,Netherlands,17701.0
2022,Israel,9654.65
2022,France,68197.0
2022,Canada,38935.934
2022,Belgium,11680.2
2021,South Africa,58790.99
2021,Romania,19140.43
2021,Cameroon,26915.758
2021,United States,332505.0
2021,New Zealand,5084.6
2021,Israel,9478.675
2021,France,67939.0
2021,Belgium,11586.3
2020,South Africa,58064.78
2020,United States,331840.0
2020,New Zealand,5077.0
2020,Israel,9325.075
2020,France,67627.0
2020,Belgium,11538.7
2019,South Africa,57341.7
2019,New Zealand,5001.6
2019,Israel,9172.55
2019,France,67396.0
2018,South Africa,56622.82
2018,New Zealand,4919.7
2018,Israel,9010.325
2018,France,67135.0
2018,Belgium,11427.1
2017,South Africa,55905.55
2017,New Zealand,4837.7
2017,Israel,8849.4
2017,France,66830.0
2017,Belgium,11375.2
2016,South Africa,55173.51
2016,New Zealand,4742.2
2016,Israel,8690.775
2016,France,66563.0
2016,Belgium,11331.4
2016,Australia,24190.907
2015,South Africa,54432.73
2015,New Zealand,4638.2
2015,Israel,8532.8
2015,France,66314.0
2015,Belgium,11274.2
2015,Australia,23815.995
2014,South Africa,53701.49
2014,New Zealand,4541.9
2014,Israel,8374.8
2014,Ireland,4652.46
2014,France,66021.0
2014,Belgium,11209.1
2014,Australia,23475.686
2013,South Africa,52982.37
2013,New Zealand,4461.5
2013,Israel,8223.925
2013,France,65684.0
2013,Belgium,11159.4
2013,Australia,23128.129
2012,South Africa,52275.31
2012,New Zealand,4417.7
2012,Israel,8078.925
2012,Ireland,4597.439
2012,France,65362.0
2012,Belgium,11106.9
2012,Australia,22733.465
2011,South Africa,51580.12
2011,Portugal,10574.536
2011,New Zealand,4392.5
2011,Israel,7919.85
2011,France,65055.0
2011,Belgium,11038.3
2011,Australia,22340.024
2010,South Africa,50896.27
