TIME_PERIOD,REF_AREA,MEASURE,UNIT_MEASURE,TRANSFORMATION,ADJUSTMENT,SEX,AGE,ACTIVITY,FREQ,value
1990,JPN,LF,PS,_Z,Y,_T,Y15T64,_Z,A,60235.0
1991,JPN,LF,PS,_Z,Y,_T,Y15T64,_Z,A,61160.0
1992,JPN,LF,PS,_Z,Y,_T,Y15T64,_Z,A,61689.17
1993,JPN,LF,PS,_Z,Y,_T,Y15T64,_Z,A,61980.83
1994,JPN,LF,PS,_Z,Y,_T,Y15T64,_Z,A,62112.5
1995,JPN,LF,PS,_Z,Y,_T,Y15T64,_Z,A,62215.83
1996,JPN,LF,PS,_Z,Y,_T,Y15T64,_Z,A,62556.67
1997,JPN,LF,PS,_Z,Y,_T,Y15T64,_Z,A,63116.67
1998,JPN,LF,PS,_Z,Y,_T,Y15T64,_Z,A,63074.17
1999,JPN,LF,PS,_Z,Y,_T,Y15T64,_Z,A,62860.0
2000,JPN,LF,PS,_Z,Y,_T,Y15T64,_Z,A,62729.17
2001,JPN,LF,PS,_Z,Y,_T,Y15T64,_Z,A,62596.67
2002,JPN,LF,PS,_Z,Y,_T,Y15T64,_Z,A,62015.83
2003,JPN,LF,PS,_Z,Y,_T,Y15T64,_Z,A,61780.0
2004,JPN,LF,PS,_Z,Y,_T,Y15T64,_Z,A,61520.0
2005,JPN,LF,PS,_Z,Y,_T,Y15T64,_Z,A,61461.67
2006,JPN,LF,PS,_Z,Y,_T,Y15T64,_Z,A,61428.33
2007,JPN,LF,PS,_Z,Y,_T,Y15T64,_Z,A,61353.33
2008,JPN,LF,PS,_Z,Y,_T,Y15T64,_Z,A,61085.0
2009,JPN,LF,PS,_Z,Y,_T,Y15T64,_Z,A,60708.33
2010,JPN,LF,PS,_Z,Y,_T,Y15T64,_Z,A,60470.83
2012,JPN,LF,PS,_Z,Y,_T,Y15T64,_Z,A,59550.83
2013,JPN,LF,PS,_Z,Y,_T,Y15T64,_Z,A,59411.67
2014,JPN,LF,PS,_Z,Y,_T,Y15T64,_Z,A,59106.67
2015,JPN,LF,PS,_Z,Y,_T,Y15T64,_Z,A,58779.17
2016,JPN,LF,PS,_Z,Y,_T,Y15T64,_Z,A,58874.17
2017,JPN,LF,PS,_Z,Y,_T,Y15T64,_Z,A,58985.0
2018,JPN,LF,PS,_Z,Y,_T,Y15T64,_Z,A,59546.67
2019,JPN,LF,PS,_Z,Y,_T,Y15T64,_Z,A,59795.83
2020,JPN,LF,PS,_Z,Y,_T,Y15T64,_Z,A,59571.67
2021,JPN,LF,PS,_Z,Y,_T,Y15T64,_Z,A,59805.83
2022,JPN,LF,PS,_Z,Y,_T,Y15T64,_Z,A,59745.83
2023,JPN,LF,PS,_Z,Y,_T,Y15T64,_Z,A,59946.67
1990,USA,LF,PS,_Z,Y,_T,Y15T64,_Z,A,122389.3
1991,USA,LF,PS,_Z,Y,_T,Y15T64,_Z,A,122933.2
1992,USA,LF,PS,_Z,Y,_T,Y15T64,_Z,A,124631.8
1993,USA,LF,PS,_Z,Y,_T,Y15T64,_Z,A,125760.8
1994,USA,LF,PS,_Z,Y,_T,Y15T64,_Z,A,127226.8
1995,USA,LF,PS,_Z,Y,_T,Y15T64,_Z,A,128484.5
1996,USA,LF,PS,_Z,Y,_T,Y15T64,_Z,A,130115.1
1997,USA,LF,PS,_Z,Y,_T,Y15T64,_Z,A,132409.5
1998,USA,LF,PS,_Z,Y,_T,Y15T64,_Z,A,133826.5
1999,USA,LF,PS,_Z,Y,_T,Y15T64,_Z,A,135362.4
2000,USA,LF,PS,_Z,Y,_T,Y15T64,_Z,A,138271.1
2001,USA,LF,PS,_Z,Y,_T,Y15T64,_Z,A,139352.0
2002,USA,LF,PS,_Z,Y,_T,Y15T64,_Z,A,140394.5
2003,USA,LF,PS,_Z,Y,_T,Y15T64,_Z,A,141718.0
2004,USA,LF,PS,_Z,Y,_T,Y15T64,_Z,A,142403.5
2005,USA,LF,PS,_Z,Y,_T,Y15T64,_Z,A,144042.4
2006,USA,LF,PS,_Z,Y,_T,Y15T64,_Z,A,145943.9
2007,USA,LF,PS,_Z,Y,_T,Y15T64,_Z,A,147320.6
2008,USA,LF,PS,_Z,Y,_T,Y15T64,_Z,A,148043.3
2009,USA,LF,PS,_Z,Y,_T,Y15T64,_Z,A,147607.6
2010,USA,LF,PS,_Z,Y,_T,Y15T64,_Z,A,147171.1
2011,USA,LF,PS,_Z,Y,_T,Y15T64,_Z,A,146504.8
2012,USA,LF,PS,_Z,Y,_T,Y15T64,_Z,A,147247.4
2013,USA,LF,PS,_Z,Y,_T,Y15T64,_Z,A,147273.3
2014,USA,LF,PS,_Z,Y,_T,Y15T64,_Z,A,147564.0
2015,USA,LF,PS,_Z,Y,_T,Y15T64,_Z,A,148328.7
2016,USA,LF,PS,_Z,Y,_T,Y15T64,_Z,A,149915.7
2017,USA,LF,PS,_Z,Y,_T,Y15T64,_Z,A,150742.5
2018,USA,LF,PS,_Z,Y,_T,Y15T64,_Z,A,152042.5
2019,USA,LF,PS,_Z,Y,_T,Y15T64,_Z,A,152875.1
2020,USA,LF,PS,_Z,Y,_T,Y15T64,_Z,A,150129.6
2021,USA,LF,PS,_Z,Y,_T,Y15T64,_Z,A,150604.3
2022,USA,LF,PS,_Z,Y,_T,Y15T64,_Z,A,153389.8
2023,USA,LF,PS,_Z,Y,_T,Y15T64,_Z,A,155920.7
1990,CAN,LF,PS,_Z,Y,_T,Y15T64,_Z,A,14052.17
1991,CAN,LF,PS,_Z,Y,_T,Y15T64,_Z,A,14137.26
1992,CAN,LF,PS,_Z,Y,_T,Y15T64,_Z,A,14137.96
1993,CAN,LF,PS,_Z,Y,_T,Y15T64,_Z,A,14241.53
1994,CAN,LF,PS,_Z,Y,_T,Y15T64,_Z,A,14364.33
1995,CAN,LF,PS,_Z,Y,_T,Y15T64,_Z,A,14487.59
1996,CAN,LF,PS,_Z,Y,_T,Y15T64,_Z,A,14644.6
1997,CAN,LF,PS,_Z,Y,_T,Y15T64,_Z,A,14866.09
1998,CAN,LF,PS,_Z,Y,_T,Y15T64,_Z,A,15091.13
1999,CAN,LF,PS,_Z,Y,_T,Y15T64,_Z,A,15366.07
2000,CAN,LF,PS,_Z,Y,_T,Y15T64,_Z,A,15626.87
2001,CAN,LF,PS,_Z,Y,_T,Y15T64,_Z,A,15873.93
2002,CAN,LF,PS,_Z,Y,_T,Y15T64,_Z,A,16312.93
2003,CAN,LF,PS,_Z,Y,_T,Y15T64,_Z,A,16661.38
2004,CAN,LF,PS,_Z,Y,_T,Y15T64,_Z,A,16852.43
2005,CAN,LF,PS,_Z,Y,_T,Y15T64,_Z,A,16972.82
2006,CAN,LF,PS,_Z,Y,_T,Y15T64,_Z,A,17217.21
2007,CAN,LF,PS,_Z,Y,_T,Y15T64,_Z,A,17493.56
2008,CAN,LF,PS,_Z,Y,_T,Y15T64,_Z,A,17713.35
2009,CAN,LF,PS,_Z,Y,_T,Y15T64,_Z,A,17842.07
2010,CAN,LF,PS,_Z,Y,_T,Y15T64,_Z,A,17978.82
1990,AUS,LF,PS,_Z,Y,_T,Y15T64,_Z,A,8343.032
1991,AUS,LF,PS,_Z,Y,_T,Y15T64,_Z,A,8381.284
1992,AUS,LF,PS,_Z,Y,_T,Y15T64,_Z,A,8448.01
1993,AUS,LF,PS,_Z,Y,_T,Y15T64,_Z,A,8490.093
1994,AUS,LF,PS,_Z,Y,_T,Y15T64,_Z,A,8638.902
1995,AUS,LF,PS,_Z,Y,_T,Y15T64,_Z,A,8827.757
1996,AUS,LF,PS,_Z,Y,_T,Y15T64,_Z,A,8948.473
1997,AUS,LF,PS,_Z,Y,_T,Y15T64,_Z,A,8998.485
1998,AUS,LF,PS,_Z,Y,_T,Y15T64,_Z,A,9090.493
1999,AUS,LF,PS,_Z,Y,_T,Y15T64,_Z,A,9178.512
2000,AUS,LF,PS,_Z,Y,_T,Y15T64,_Z,A,9355.36
2001,AUS,LF,PS,_Z,Y,_T,Y15T64,_Z,A,9518.436
2002,AUS,LF,PS,_Z,Y,_T,Y15T64,_Z,A,9657.336
2003,AUS,LF,PS,_Z,Y,_T,Y15T64,_Z,A,9830.261
2004,AUS,LF,PS,_Z,Y,_T,Y15T64,_Z,A,9936.152
2006,AUS,LF,PS,_Z,Y,_T,Y15T64,_Z,A,10423.47
2007,AUS,LF,PS,_Z,Y,_T,Y15T64,_Z,A,10670.3
2008,AUS,LF,PS,_Z,Y,_T,Y15T64,_Z,A,10942.99
2009,AUS,LF,PS,_Z,Y,_T,Y15T64,_Z,A,11146.35
2010,AUS,LF,PS,_Z,Y,_T,Y15T64,_Z,A,11306.15
2011,AUS,LF,PS,_Z,Y,_T,Y15T64,_Z,A,11468.59
2012,AUS,LF,PS,_Z,Y,_T,Y15T64,_Z,A,11591.54
2013,AUS,LF,PS,_Z,Y,_T,Y15T64,_Z,A,11741.59
2014,AUS,LF,PS,_Z,Y,_T,Y15T64,_Z,A,11861.06
2015,AUS,LF,PS,_Z,Y,_T,Y15T64,_Z,A,12088.81
2020,AUS,LF,PS,_Z,Y,_T,Y15T64,_Z,A,12877.44
1999,AUT,LF,PS,_Z,Y,_T,Y15T64,_Z,A,3806.675
2000,AUT,LF,PS,_Z,Y,_T,Y15T64,_Z,A,3816.25
2001,AUT,LF,PS,_Z,Y,_T,Y15T64,_Z,A,3834.775
2002,AUT,LF,PS,_Z,Y,_T,Y15T64,_Z,A,3834.525
2007,AUT,LF,PS,_Z,Y,_T,Y15T64,_Z,A,4063.725
2008,AUT,LF,PS,_Z,Y,_T,Y15T64,_Z,A,4100.5
2009,AUT,LF,PS,_Z,Y,_T,Y15T64,_Z,A,4147.75
2010,AUT,LF,PS,_Z,Y,_T,Y15T64,_Z,A,4163.0
2011,AUT,LF,PS,_Z,Y,_T,Y15T64,_Z,A,4190.5
2012,AUT,LF,PS,_Z,Y,_T,Y15T64,_Z,A,4236.75
2013,AUT,LF,PS,_Z,Y,_T,Y15T64,_Z,A,4279.0
2014,AUT,LF,PS,_Z,Y,_T,Y15T64,_Z,A,4297.0
2015,AUT,LF,PS,_Z,Y,_T,Y15T64,_Z,A,4338.0
2016,AUT,LF,PS,_Z,Y,_T,Y15T64,_Z,A,4432.75
2017,AUT,LF,PS,_Z,Y,_T,Y15T64,_Z,A,4451.75
2018,AUT,LF,PS,_Z,Y,_T,Y15T64,_Z,A,4477.5
2019,AUT,LF,PS,_Z,Y,_T,Y15T64,_Z,A,4500.25
2020,AUT,LF,PS,_Z,Y,_T,Y15T64,_Z,A,4456.0
2021,AUT,LF,PS,_Z,Y,_T,Y15T64,_Z,A,4514.675
2022,AUT,LF,PS,_Z,Y,_T,Y15T64,_Z,A,4577.4
2023,AUT,LF,PS,_Z,Y,_T,Y15T64,_Z,A,4633.775
1999,BEL,LF,PS,_Z,Y,_T,Y15T64,_Z,A,4355.05
2001,BEL,LF,PS,_Z,Y,_T,Y15T64,_Z,A,4319.85
2002,BEL,LF,PS,_Z,Y,_T,Y15T64,_Z,A,4377.85
2003,BEL,LF,PS,_Z,Y,_T,Y15T64,_Z,A,4408.95
2006,BEL,LF,PS,_Z,Y,_T,Y15T64,_Z,A,4615.85
2007,BEL,LF,PS,_Z,Y,_T,Y15T64,_Z,A,4700.65
2009,BEL,LF,PS,_Z,Y,_T,Y15T64,_Z,A,4772.25
2010,BEL,LF,PS,_Z,Y,_T,Y15T64,_Z,A,4860.0
2011,BEL,LF,PS,_Z,Y,_T,Y15T64,_Z,A,4820.25
2012,BEL,LF,PS,_Z,Y,_T,Y15T64,_Z,A,4852.25
2013,BEL,LF,PS,_Z,Y,_T,Y15T64,_Z,A,4907.0
2014,BEL,LF,PS,_Z,Y,_T,Y15T64,_Z,A,4927.0
2015,BEL,LF,PS,_Z,Y,_T,Y15T64,_Z,A,4929.25
2017,BEL,LF,PS,_Z,Y,_T,Y15T64,_Z,A,4944.0
2018,BEL,LF,PS,_Z,Y,_T,Y15T64,_Z,A,5003.75
2019,BEL,LF,PS,_Z,Y,_T,Y15T64,_Z,A,5047.75
2020,BEL,LF,PS,_Z,Y,_T,Y15T64,_Z,A,5011.0
2021,BEL,LF,PS,_Z,Y,_T,Y15T64,_Z,A,5117.675
2022,BEL,LF,PS,_Z,Y,_T,Y15T64,_Z,A,5213.475
2023,BEL,LF,PS,_Z,Y,_T,Y15T64,_Z,A,5247.125
2007,COL,LF,PS,_Z,Y,_T,Y15T64,_Z,A,18083.37
2008,COL,LF,PS,_Z,Y,_T,Y15T64,_Z,A,18443.3
2009,COL,LF,PS,_Z,Y,_T,Y15T64,_Z,A,19568.57
2010,COL,LF,PS,_Z,Y,_T,Y15T64,_Z,A,20263.27
2011,COL,LF,PS,_Z,Y,_T,Y15T64,_Z,A,20797.32
2012,COL,LF,PS,_Z,Y,_T,Y15T64,_Z,A,21381.9
2013,COL,LF,PS,_Z,Y,_T,Y15T64,_Z,A,21544.21
2014,COL,LF,PS,_Z,Y,_T,Y15T64,_Z,A,21841.23
2015,COL,LF,PS,_Z,Y,_T,Y15T64,_Z,A,22265.96
2016,COL,LF,PS,_Z,Y,_T,Y15T64,_Z,A,22476.85
2017,COL,LF,PS,_Z,Y,_T,Y15T64,_Z,A,22808.88
2018,COL,LF,PS,_Z,Y,_T,Y15T64,_Z,A,23140.67
2019,COL,LF,PS,_Z,Y,_T,Y15T64,_Z,A,23501.59
2020,COL,LF,PS,_Z,Y,_T,Y15T64,_Z,A,22589.38
2021,COL,LF,PS,_Z,Y,_T,Y15T64,_Z,A,22601.48
2022,COL,LF,PS,_Z,Y,_T,Y15T64,_Z,A,23596.18
2023,COL,LF,PS,_Z,Y,_T,Y15T64,_Z,A,24057.11
2011,CRI,LF,PS,_Z,Y,_T,Y15T64,_Z,A,1986.278
2012,CRI,LF,PS,_Z,Y,_T,Y15T64,_Z,A,2134.301
2013,CRI,LF,PS,_Z,Y,_T,Y15T64,_Z,A,2156.84
2014,CRI,LF,PS,_Z,Y,_T,Y15T64,_Z,A,2213.74
2015,CRI,LF,PS,_Z,Y,_T,Y15T64,_Z,A,2201.233
2016,CRI,LF,PS,_Z,Y,_T,Y15T64,_Z,A,2142.684
2017,CRI,LF,PS,_Z,Y,_T,Y15T64,_Z,A,2179.182
2018,CRI,LF,PS,_Z,Y,_T,Y15T64,_Z,A,2268.854
2019,CRI,LF,PS,_Z,Y,_T,Y15T64,_Z,A,2360.334
2020,CRI,LF,PS,_Z,Y,_T,Y15T64,_Z,A,2307.796
2021,CRI,LF,PS,_Z,Y,_T,Y15T64,_Z,A,2346.62
2022,CRI,LF,PS,_Z,Y,_T,Y15T64,_Z,A,2368.358
2023,CRI,LF,PS,_Z,Y,_T,Y15T64,_Z,A,2219.813
1998,CZE,LF,PS,_Z,Y,_T,Y15T64,_Z,A,5088.75
1999,CZE,LF,PS,_Z,Y,_T,Y15T64,_Z,A,5101.55
2000,CZE,LF,PS,_Z,Y,_T,Y15T64,_Z,A,5076.225
2001,CZE,LF,PS,_Z,Y,_T,Y15T64,_Z,A,5044.95
2002,CZE,LF,PS,_Z,Y,_T,Y15T64,_Z,A,5048.225
2003,CZE,LF,PS,_Z,Y,_T,Y15T64,_Z,A,5043.725
2006,CZE,LF,PS,_Z,Y,_T,Y15T64,_Z,A,5139.625
2007,CZE,LF,PS,_Z,Y,_T,Y15T64,_Z,A,5131.725
2008,CZE,LF,PS,_Z,Y,_T,Y15T64,_Z,A,5162.775
2022,CZE,LF,PS,_Z,Y,_T,Y15T64,_Z,A,5140.325
2023,CZE,LF,PS,_Z,Y,_T,Y15T64,_Z,A,5023.1
1999,DNK,LF,PS,_Z,Y,_T,Y15T64,_Z,A,2839.825
2000,DNK,LF,PS,_Z,Y,_T,Y15T64,_Z,A,2824.475
2001,DNK,LF,PS,_Z,Y,_T,Y15T64,_Z,A,2831.4
2002,DNK,LF,PS,_Z,Y,_T,Y15T64,_Z,A,2815.05
2003,DNK,LF,PS,_Z,Y,_T,Y15T64,_Z,A,2819.85
2006,DNK,LF,PS,_Z,Y,_T,Y15T64,_Z,A,2875.3
2008,DNK,LF,PS,_Z,Y,_T,Y15T64,_Z,A,2858.7
2021,DNK,LF,PS,_Z,Y,_T,Y15T64,_Z,A,2946.15
2022,DNK,LF,PS,_Z,Y,_T,Y15T64,_Z,A,2999.975
2023,DNK,LF,PS,_Z,Y,_T,Y15T64,_Z,A,3040.025
2000,EST,LF,PS,_Z,Y,_T,Y15T64,_Z,A,665.775
2001,EST,LF,PS,_Z,Y,_T,Y15T64,_Z,A,658.95
2002,EST,LF,PS,_Z,Y,_T,Y15T64,_Z,A,644.45
2003,EST,LF,PS,_Z,Y,_T,Y15T64,_Z,A,651.425
2006,EST,LF,PS,_Z,Y,_T,Y15T64,_Z,A,666.575
2007,EST,LF,PS,_Z,Y,_T,Y15T64,_Z,A,663.825
2009,EST,LF,PS,_Z,Y,_T,Y15T64,_Z,A,669.5
2010,EST,LF,PS,_Z,Y,_T,Y15T64,_Z,A,668.0
2011,EST,LF,PS,_Z,Y,_T,Y15T64,_Z,A,669.25
2012,EST,LF,PS,_Z,Y,_T,Y15T64,_Z,A,666.0
2013,EST,LF,PS,_Z,Y,_T,Y15T64,_Z,A,661.0
2014,EST,LF,PS,_Z,Y,_T,Y15T64,_Z,A,654.25
2015,EST,LF,PS,_Z,Y,_T,Y15T64,_Z,A,653.75
2016,EST,LF,PS,_Z,Y,_T,Y15T64,_Z,A,658.5
2017,EST,LF,PS,_Z,Y,_T,Y15T64,_Z,A,664.0
2018,EST,LF,PS,_Z,Y,_T,Y15T64,_Z,A,663.5
2019,EST,LF,PS,_Z,Y,_T,Y15T64,_Z,A,662.5
2020,EST,LF,PS,_Z,Y,_T,Y15T64,_Z,A,665.75
2021,EST,LF,PS,_Z,Y,_T,Y15T64,_Z,A,658.65
2022,EST,LF,PS,_Z,Y,_T,Y15T64,_Z,A,676.2
2023,EST,LF,PS,_Z,Y,_T,Y15T64,_Z,A,698.95
2001,FIN,LF,PS,_Z,Y,_T,Y15T64,_Z,A,2587.55
2002,FIN,LF,PS,_Z,Y,_T,Y15T64,_Z,A,2591.35
2003,FIN,LF,PS,_Z,Y,_T,Y15T64,_Z,A,2579.625
2006,FIN,LF,PS,_Z,Y,_T,Y15T64,_Z,A,2620.375
2009,FIN,LF,PS,_Z,Y,_T,Y15T64,_Z,A,2615.0
2010,FIN,LF,PS,_Z,Y,_T,Y15T64,_Z,A,2600.0
2011,FIN,LF,PS,_Z,Y,_T,Y15T64,_Z,A,2605.0
2012,FIN,LF,PS,_Z,Y,_T,Y15T64,_Z,A,2607.0
2013,FIN,LF,PS,_Z,Y,_T,Y15T64,_Z,A,2595.25
2014,FIN,LF,PS,_Z,Y,_T,Y15T64,_Z,A,2590.25
2015,FIN,LF,PS,_Z,Y,_T,Y15T64,_Z,A,2583.5
2016,FIN,LF,PS,_Z,Y,_T,Y15T64,_Z,A,2584.75
2017,FIN,LF,PS,_Z,Y,_T,Y15T64,_Z,A,2604.25
2018,FIN,LF,PS,_Z,Y,_T,Y15T64,_Z,A,2634.0
2019,FIN,LF,PS,_Z,Y,_T,Y15T64,_Z,A,2637.0
2020,FIN,LF,PS,_Z,Y,_T,Y15T64,_Z,A,2627.75
2021,FIN,LF,PS,_Z,Y,_T,Y15T64,_Z,A,2679.025
2022,FIN,LF,PS,_Z,Y,_T,Y15T64,_Z,A,2713.45
2023,FIN,LF,PS,_Z,Y,_T,Y15T64,_Z,A,2731.675
2003,FRA,LF,PS,_Z,Y,_T,Y15T64,_Z,A,27673.75
2004,FRA,LF,PS,_Z,Y,_T,Y15T64,_Z,A,27902.25
2006,FRA,LF,PS,_Z,Y,_T,Y15T64,_Z,A,28304.75
2007,FRA,LF,PS,_Z,Y,_T,Y15T64,_Z,A,28503.5
2008,FRA,LF,PS,_Z,Y,_T,Y15T64,_Z,A,28690.25
2009,FRA,LF,PS,_Z,Y,_T,Y15T64,_Z,A,28935.25
2010,FRA,LF,PS,_Z,Y,_T,Y15T64,_Z,A,29040.0
2011,FRA,LF,PS,_Z,Y,_T,Y15T64,_Z,A,29011.0
2012,FRA,LF,PS,_Z,Y,_T,Y15T64,_Z,A,29208.0
2013,FRA,LF,PS,_Z,Y,_T,Y15T64,_Z,A,29352.0
2014,FRA,LF,PS,_Z,Y,_T,Y15T64,_Z,A,29360.25
2015,FRA,LF,PS,_Z,Y,_T,Y15T64,_Z,A,29414.25
2016,FRA,LF,PS,_Z,Y,_T,Y15T64,_Z,A,29425.75
2017,FRA,LF,PS,_Z,Y,_T,Y15T64,_Z,A,29447.75
2018,FRA,LF,PS,_Z,Y,_T,Y15T64,_Z,A,29578.25
2019,FRA,LF,PS,_Z,Y,_T,Y15T64,_Z,A,29470.25
2020,FRA,LF,PS,_Z,Y,_T,Y15T64,_Z,A,29200.0
2006,DEU,LF,PS,_Z,Y,_T,Y15T64,_Z,A,40874.43
2007,DEU,LF,PS,_Z,Y,_T,Y15T64,_Z,A,40991.93
2008,DEU,LF,PS,_Z,Y,_T,Y15T64,_Z,A,41032.35
2011,DEU,LF,PS,_Z,Y,_T,Y15T64,_Z,A,39767.25
1998,GRC,LF,PS,_Z,Y,_T,Y15T64,_Z,A,4422.725
1999,GRC,LF,PS,_Z,Y,_T,Y15T64,_Z,A,4490.625
2001,GRC,LF,PS,_Z,Y,_T,Y15T64,_Z,A,4621.075
2002,GRC,LF,PS,_Z,Y,_T,Y15T64,_Z,A,4666.85
2006,GRC,LF,PS,_Z,Y,_T,Y15T64,_Z,A,4887.425
2007,GRC,LF,PS,_Z,Y,_T,Y15T64,_Z,A,4893.55
2009,GRC,LF,PS,_Z,Y,_T,Y15T64,_Z,A,4949.0
2010,GRC,LF,PS,_Z,Y,_T,Y15T64,_Z,A,4936.0
2011,GRC,LF,PS,_Z,Y,_T,Y15T64,_Z,A,4850.25
2012,GRC,LF,PS,_Z,Y,_T,Y15T64,_Z,A,4812.75
2013,GRC,LF,PS,_Z,Y,_T,Y15T64,_Z,A,4775.75
2014,GRC,LF,PS,_Z,Y,_T,Y15T64,_Z,A,4735.75
2015,GRC,LF,PS,_Z,Y,_T,Y15T64,_Z,A,4733.25
2016,GRC,LF,PS,_Z,Y,_T,Y15T64,_Z,A,4728.25
2017,GRC,LF,PS,_Z,Y,_T,Y15T64,_Z,A,4695.75
2018,GRC,LF,PS,_Z,Y,_T,Y15T64,_Z,A,4649.0
2019,GRC,LF,PS,_Z,Y,_T,Y15T64,_Z,A,4636.5
2020,GRC,LF,PS,_Z,Y,_T,Y15T64,_Z,A,4387.25
2021,GRC,LF,PS,_Z,Y,_T,Y15T64,_Z,A,4491.575
2022,GRC,LF,PS,_Z,Y,_T,Y15T64,_Z,A,4609.125
2023,GRC,LF,PS,_Z,Y,_T,Y15T64,_Z,A,4591.0
1999,HUN,LF,PS,_Z,Y,_T,Y15T64,_Z,A,4054.1
2001,HUN,LF,PS,_Z,Y,_T,Y15T64,_Z,A,4084.525
2002,HUN,LF,PS,_Z,Y,_T,Y15T64,_Z,A,4089.775
2003,HUN,LF,PS,_Z,Y,_T,Y15T64,_Z,A,4141.55
2006,HUN,LF,PS,_Z,Y,_T,Y15T64,_Z,A,4221.925
2007,HUN,LF,PS,_Z,Y,_T,Y15T64,_Z,A,4184.35
2003,ISL,LF,PS,_Z,Y,_T,Y15T64,_Z,A,154.3
2004,ISL,LF,PS,_Z,Y,_T,Y15T64,_Z,A,153.8
2006,ISL,LF,PS,_Z,Y,_T,Y15T64,_Z,A,166.8
2008,ISL,LF,PS,_Z,Y,_T,Y15T64,_Z,A,175.85
2012,ISL,LF,PS,_Z,Y,_T,Y15T64,_Z,A,171.25
2016,ISL,LF,PS,_Z,Y,_T,Y15T64,_Z,A,185.5
2021,ISL,LF,PS,_Z,Y,_T,Y15T64,_Z,A,197.95
2022,ISL,LF,PS,_Z,Y,_T,Y15T64,_Z,A,206.925
2023,ISL,LF,PS,_Z,Y,_T,Y15T64,_Z,A,215.425
2000,IRL,LF,PS,_Z,Y,_T,Y15T64,_Z,A,1735.975
2001,IRL,LF,PS,_Z,Y,_T,Y15T64,_Z,A,1782.85
2002,IRL,LF,PS,_Z,Y,_T,Y15T64,_Z,A,1824.15
2003,IRL,LF,PS,_Z,Y,_T,Y15T64,_Z,A,1865.725
2007,IRL,LF,PS,_Z,Y,_T,Y15T64,_Z,A,2293.175
2009,IRL,LF,PS,_Z,Y,_T,Y15T64,_Z,A,2260.0
2010,IRL,LF,PS,_Z,Y,_T,Y15T64,_Z,A,2204.75
2011,IRL,LF,PS,_Z,Y,_T,Y15T64,_Z,A,2181.0
2012,IRL,LF,PS,_Z,Y,_T,Y15T64,_Z,A,2173.0
2013,IRL,LF,PS,_Z,Y,_T,Y15T64,_Z,A,2191.5
2014,IRL,LF,PS,_Z,Y,_T,Y15T64,_Z,A,2198.75
2015,IRL,LF,PS,_Z,Y,_T,Y15T64,_Z,A,2217.5
2016,IRL,LF,PS,_Z,Y,_T,Y15T64,_Z,A,2258.75
2017,IRL,LF,PS,_Z,Y,_T,Y15T64,_Z,A,2279.5
2018,IRL,LF,PS,_Z,Y,_T,Y15T64,_Z,A,2312.0
2019,IRL,LF,PS,_Z,Y,_T,Y15T64,_Z,A,2355.25
2020,IRL,LF,PS,_Z,Y,_T,Y15T64,_Z,A,2302.75
1995,ISR,LF,PS,_Z,Y,_T,Y15T64,_Z,A,2050.4
1996,ISR,LF,PS,_Z,Y,_T,Y15T64,_Z,A,2101.325
1997,ISR,LF,PS,_Z,Y,_T,Y15T64,_Z,A,2157.875
1998,ISR,LF,PS,_Z,Y,_T,Y15T64,_Z,A,2210.65
1999,ISR,LF,PS,_Z,Y,_T,Y15T64,_Z,A,2291.9
2000,ISR,LF,PS,_Z,Y,_T,Y15T64,_Z,A,2383.075
2001,ISR,LF,PS,_Z,Y,_T,Y15T64,_Z,A,2441.0
2002,ISR,LF,PS,_Z,Y,_T,Y15T64,_Z,A,2486.1
2003,ISR,LF,PS,_Z,Y,_T,Y15T64,_Z,A,2548.4
2004,ISR,LF,PS,_Z,Y,_T,Y15T64,_Z,A,2613.425
2006,ISR,LF,PS,_Z,Y,_T,Y15T64,_Z,A,2739.25
2007,ISR,LF,PS,_Z,Y,_T,Y15T64,_Z,A,2824.15
2008,ISR,LF,PS,_Z,Y,_T,Y15T64,_Z,A,2880.975
2009,ISR,LF,PS,_Z,Y,_T,Y15T64,_Z,A,2988.55
2010,ISR,LF,PS,_Z,Y,_T,Y15T64,_Z,A,3054.55
2012,ISR,LF,PS,_Z,Y,_T,Y15T64,_Z,A,3469.617
2013,ISR,LF,PS,_Z,Y,_T,Y15T64,_Z,A,3524.992
2014,ISR,LF,PS,_Z,Y,_T,Y15T64,_Z,A,3615.7
2015,ISR,LF,PS,_Z,Y,_T,Y15T64,_Z,A,3670.625
2016,ISR,LF,PS,_Z,Y,_T,Y15T64,_Z,A,3723.883
2017,ISR,LF,PS,_Z,Y,_T,Y15T64,_Z,A,3782.225
2018,ISR,LF,PS,_Z,Y,_T,Y15T64,_Z,A,3836.4
2019,ISR,LF,PS,_Z,Y,_T,Y15T64,_Z,A,3885.258
2020,ISR,LF,PS,_Z,Y,_T,Y15T64,_Z,A,3852.767
2021,ISR,LF,PS,_Z,Y,_T,Y15T64,_Z,A,3924.967
2022,ISR,LF,PS,_Z,Y,_T,Y15T64,_Z,A,4097.217
2023,ISR,LF,PS,_Z,Y,_T,Y15T64,_Z,A,4212.308
1998,ITA,LF,PS,_Z,Y,_T,Y15T64,_Z,A,22825.95
1999,ITA,LF,PS,_Z,Y,_T,Y15T64,_Z,A,23017.9
2000,ITA,LF,PS,_Z,Y,_T,Y15T64,_Z,A,23239.03
2001,ITA,LF,PS,_Z,Y,_T,Y15T64,_Z,A,23428.53
2002,ITA,LF,PS,_Z,Y,_T,Y15T64,_Z,A,23631.22
2006,ITA,LF,PS,_Z,Y,_T,Y15T64,_Z,A,24037.63
2007,ITA,LF,PS,_Z,Y,_T,Y15T64,_Z,A,23995.75
2009,ITA,LF,PS,_Z,Y,_T,Y15T64,_Z,A,24063.5
2010,ITA,LF,PS,_Z,Y,_T,Y15T64,_Z,A,24035.25
2011,ITA,LF,PS,_Z,Y,_T,Y15T64,_Z,A,24118.75
2012,ITA,LF,PS,_Z,Y,_T,Y15T64,_Z,A,24601.25
2013,ITA,LF,PS,_Z,Y,_T,Y15T64,_Z,A,24490.0
2014,ITA,LF,PS,_Z,Y,_T,Y15T64,_Z,A,24674.5
2015,ITA,LF,PS,_Z,Y,_T,Y15T64,_Z,A,24633.0
2016,ITA,LF,PS,_Z,Y,_T,Y15T64,_Z,A,24905.0
2017,ITA,LF,PS,_Z,Y,_T,Y15T64,_Z,A,25024.0
2018,ITA,LF,PS,_Z,Y,_T,Y15T64,_Z,A,25028.25
2019,ITA,LF,PS,_Z,Y,_T,Y15T64,_Z,A,24968.25
2021,ITA,LF,PS,_Z,Y,_T,Y15T64,_Z,A,24197.47
2022,ITA,LF,PS,_Z,Y,_T,Y15T64,_Z,A,24421.45
2023,ITA,LF,PS,_Z,Y,_T,Y15T64,_Z,A,24766.1
2000,KOR,LF,PS,_Z,Y,_T,Y15T64,_Z,A,21147.16
2001,KOR,LF,PS,_Z,Y,_T,Y15T64,_Z,A,21443.85
2002,KOR,LF,PS,_Z,Y,_T,Y15T64,_Z,A,21832.38
2003,KOR,LF,PS,_Z,Y,_T,Y15T64,_Z,A,21914.13
2004,KOR,LF,PS,_Z,Y,_T,Y15T64,_Z,A,22305.68
2006,KOR,LF,PS,_Z,Y,_T,Y15T64,_Z,A,22643.0
2007,KOR,LF,PS,_Z,Y,_T,Y15T64,_Z,A,22859.96
2008,KOR,LF,PS,_Z,Y,_T,Y15T64,_Z,A,23015.93
2009,KOR,LF,PS,_Z,Y,_T,Y15T64,_Z,A,23011.0
2010,KOR,LF,PS,_Z,Y,_T,Y15T64,_Z,A,23366.13
2011,KOR,LF,PS,_Z,Y,_T,Y15T64,_Z,A,23746.56
2012,KOR,LF,PS,_Z,Y,_T,Y15T64,_Z,A,24011.05
2013,KOR,LF,PS,_Z,Y,_T,Y15T64,_Z,A,24228.39
2014,KOR,LF,PS,_Z,Y,_T,Y15T64,_Z,A,24840.94
2015,KOR,LF,PS,_Z,Y,_T,Y15T64,_Z,A,25119.89
2016,KOR,LF,PS,_Z,Y,_T,Y15T64,_Z,A,25302.18
2017,KOR,LF,PS,_Z,Y,_T,Y15T64,_Z,A,25519.89
2018,KOR,LF,PS,_Z,Y,_T,Y15T64,_Z,A,25514.46
2019,KOR,LF,PS,_Z,Y,_T,Y15T64,_Z,A,25563.72
2020,KOR,LF,PS,_Z,Y,_T,Y15T64,_Z,A,25133.51
2021,KOR,LF,PS,_Z,Y,_T,Y15T64,_Z,A,25198.19
2022,KOR,LF,PS,_Z,Y,_T,Y15T64,_Z,A,25556.26
2023,KOR,LF,PS,_Z,Y,_T,Y15T64,_Z,A,25580.44
2002,LVA,LF,PS,_Z,Y,_T,Y15T64,_Z,A,1064.4
2003,LVA,LF,PS,_Z,Y,_T,Y15T64,_Z,A,1063.45
2006,LVA,LF,PS,_Z,Y,_T,Y15T64,_Z,A,1068.575
2007,LVA,LF,PS,_Z,Y,_T,Y15T64,_Z,A,1082.575
2009,LVA,LF,PS,_Z,Y,_T,Y15T64,_Z,A,1065.0
2010,LVA,LF,PS,_Z,Y,_T,Y15T64,_Z,A,1030.5
2011,LVA,LF,PS,_Z,Y,_T,Y15T64,_Z,A,1004.25
2012,LVA,LF,PS,_Z,Y,_T,Y15T64,_Z,A,1004.25
2013,LVA,LF,PS,_Z,Y,_T,Y15T64,_Z,A,983.5
2014,LVA,LF,PS,_Z,Y,_T,Y15T64,_Z,A,963.75
2015,LVA,LF,PS,_Z,Y,_T,Y15T64,_Z,A,964.75
2016,LVA,LF,PS,_Z,Y,_T,Y15T64,_Z,A,955.25
2017,LVA,LF,PS,_Z,Y,_T,Y15T64,_Z,A,945.0
2018,LVA,LF,PS,_Z,Y,_T,Y15T64,_Z,A,944.5
2019,LVA,LF,PS,_Z,Y,_T,Y15T64,_Z,A,930.5
2020,LVA,LF,PS,_Z,Y,_T,Y15T64,_Z,A,928.75
2021,LVA,LF,PS,_Z,Y,_T,Y15T64,_Z,A,892.2
2022,LVA,LF,PS,_Z,Y,_T,Y15T64,_Z,A,904.2
2023,LVA,LF,PS,_Z,Y,_T,Y15T64,_Z,A,893.975
2006,LTU,LF,PS,_Z,Y,_T,Y15T64,_Z,A,1492.325
2007,LTU,LF,PS,_Z,Y,_T,Y15T64,_Z,A,1486.85
2008,LTU,LF,PS,_Z,Y,_T,Y15T64,_Z,A,1484.3
2014,LTU,LF,PS,_Z,Y,_T,Y15T64,_Z,A,1445.5
2018,LTU,LF,PS,_Z,Y,_T,Y15T64,_Z,A,1413.25
2021,LTU,LF,PS,_Z,Y,_T,Y15T64,_Z,A,1414.375
2022,LTU,LF,PS,_Z,Y,_T,Y15T64,_Z,A,1443.875
2023,LTU,LF,PS,_Z,Y,_T,Y15T64,_Z,A,1473.05
2003,LUX,LF,PS,_Z,Y,_T,Y15T64,_Z,A,193.4
2007,LUX,LF,PS,_Z,Y,_T,Y15T64,_Z,A,211.2
2009,LUX,LF,PS,_Z,Y,_T,Y15T64,_Z,A,226.525
2010,LUX,LF,PS,_Z,Y,_T,Y15T64,_Z,A,228.65
2011,LUX,LF,PS,_Z,Y,_T,Y15T64,_Z,A,233.95
2012,LUX,LF,PS,_Z,Y,_T,Y15T64,_Z,A,246.475
2013,LUX,LF,PS,_Z,Y,_T,Y15T64,_Z,A,250.9
2015,LUX,LF,PS,_Z,Y,_T,Y15T64,_Z,A,273.5
2016,LUX,LF,PS,_Z,Y,_T,Y15T64,_Z,A,276.9
2017,LUX,LF,PS,_Z,Y,_T,Y15T64,_Z,A,285.675
2018,LUX,LF,PS,_Z,Y,_T,Y15T64,_Z,A,294.9
2019,LUX,LF,PS,_Z,Y,_T,Y15T64,_Z,A,304.35
2021,LUX,LF,PS,_Z,Y,_T,Y15T64,_Z,A,319.725
2022,LUX,LF,PS,_Z,Y,_T,Y15T64,_Z,A,323.6
2023,LUX,LF,PS,_Z,Y,_T,Y15T64,_Z,A,335.15
2006,MEX,LF,PS,_Z,Y,_T,Y15T64,_Z,A,42933.57
2007,MEX,LF,PS,_Z,Y,_T,Y15T64,_Z,A,43854.73
2008,MEX,LF,PS,_Z,Y,_T,Y15T64,_Z,A,44669.6
2009,MEX,LF,PS,_Z,Y,_T,Y15T64,_Z,A,45852.0
2010,MEX,LF,PS,_Z,Y,_T,Y15T64,_Z,A,46496.64
2011,MEX,LF,PS,_Z,Y,_T,Y15T64,_Z,A,47468.32
2012,MEX,LF,PS,_Z,Y,_T,Y15T64,_Z,A,48894.56
2013,MEX,LF,PS,_Z,Y,_T,Y15T64,_Z,A,49403.13
2014,MEX,LF,PS,_Z,Y,_T,Y15T64,_Z,A,49478.15
2015,MEX,LF,PS,_Z,Y,_T,Y15T64,_Z,A,50272.78
2016,MEX,LF,PS,_Z,Y,_T,Y15T64,_Z,A,51022.54
2017,MEX,LF,PS,_Z,Y,_T,Y15T64,_Z,A,50823.83
2018,MEX,LF,PS,_Z,Y,_T,Y15T64,_Z,A,52093.81
2019,MEX,LF,PS,_Z,Y,_T,Y15T64,_Z,A,53561.52
2021,MEX,LF,PS,_Z,Y,_T,Y15T64,_Z,A,54618.25
2022,MEX,LF,PS,_Z,Y,_T,Y15T64,_Z,A,56136.99
2023,MEX,LF,PS,_Z,Y,_T,Y15T64,_Z,A,57153.51
2000,NLD,LF,PS,_Z,Y,_T,Y15T64,_Z,A,8057.825
2001,NLD,LF,PS,_Z,Y,_T,Y15T64,_Z,A,8189.275
2002,NLD,LF,PS,_Z,Y,_T,Y15T64,_Z,A,8319.025
2003,NLD,LF,PS,_Z,Y,_T,Y15T64,_Z,A,8350.0
2006,NLD,LF,PS,_Z,Y,_T,Y15T64,_Z,A,8253.85
2007,NLD,LF,PS,_Z,Y,_T,Y15T64,_Z,A,8411.5
2009,NLD,LF,PS,_Z,Y,_T,Y15T64,_Z,A,8874.25
2010,NLD,LF,PS,_Z,Y,_T,Y15T64,_Z,A,8854.25
2011,NLD,LF,PS,_Z,Y,_T,Y15T64,_Z,A,8858.0
2012,NLD,LF,PS,_Z,Y,_T,Y15T64,_Z,A,8960.25
2013,NLD,LF,PS,_Z,Y,_T,Y15T64,_Z,A,9018.5
2014,NLD,LF,PS,_Z,Y,_T,Y15T64,_Z,A,8953.0
2015,NLD,LF,PS,_Z,Y,_T,Y15T64,_Z,A,8995.0
2016,NLD,LF,PS,_Z,Y,_T,Y15T64,_Z,A,9029.5
2017,NLD,LF,PS,_Z,Y,_T,Y15T64,_Z,A,9080.5
2018,NLD,LF,PS,_Z,Y,_T,Y15T64,_Z,A,9159.5
2019,NLD,LF,PS,_Z,Y,_T,Y15T64,_Z,A,9268.5
2020,NLD,LF,PS,_Z,Y,_T,Y15T64,_Z,A,9306.0
2021,NLD,LF,PS,_Z,Y,_T,Y15T64,_Z,A,9371.6
2022,NLD,LF,PS,_Z,Y,_T,Y15T64,_Z,A,9569.175
2023,NLD,LF,PS,_Z,Y,_T,Y15T64,_Z,A,9731.725
1990,NZL,LF,PS,_Z,Y,_T,Y15T64,_Z,A,1644.225
1991,NZL,LF,PS,_Z,Y,_T,Y15T64,_Z,A,1665.8
1992,NZL,LF,PS,_Z,Y,_T,Y15T64,_Z,A,1674.1
1993,NZL,LF,PS,_Z,Y,_T,Y15T64,_Z,A,1692.125
1994,NZL,LF,PS,_Z,Y,_T,Y15T64,_Z,A,1734.4
1995,NZL,LF,PS,_Z,Y,_T,Y15T64,_Z,A,1778.925
1996,NZL,LF,PS,_Z,Y,_T,Y15T64,_Z,A,1830.025
1997,NZL,LF,PS,_Z,Y,_T,Y15T64,_Z,A,1853.275
1998,NZL,LF,PS,_Z,Y,_T,Y15T64,_Z,A,1859.0
1999,NZL,LF,PS,_Z,Y,_T,Y15T64,_Z,A,1869.05
2000,NZL,LF,PS,_Z,Y,_T,Y15T64,_Z,A,1883.8
2001,NZL,LF,PS,_Z,Y,_T,Y15T64,_Z,A,1913.575
2002,NZL,LF,PS,_Z,Y,_T,Y15T64,_Z,A,1968.5
2003,NZL,LF,PS,_Z,Y,_T,Y15T64,_Z,A,2006.325
2004,NZL,LF,PS,_Z,Y,_T,Y15T64,_Z,A,2055.8
2006,NZL,LF,PS,_Z,Y,_T,Y15T64,_Z,A,2154.325
2007,NZL,LF,PS,_Z,Y,_T,Y15T64,_Z,A,2178.0
2008,NZL,LF,PS,_Z,Y,_T,Y15T64,_Z,A,2187.825
2009,NZL,LF,PS,_Z,Y,_T,Y15T64,_Z,A,2195.725
2010,NZL,LF,PS,_Z,Y,_T,Y15T64,_Z,A,2205.225
2011,NZL,LF,PS,_Z,Y,_T,Y15T64,_Z,A,2220.475
2012,NZL,LF,PS,_Z,Y,_T,Y15T64,_Z,A,2217.075
2013,NZL,LF,PS,_Z,Y,_T,Y15T64,_Z,A,2238.375
2014,NZL,LF,PS,_Z,Y,_T,Y15T64,_Z,A,2309.775
2015,NZL,LF,PS,_Z,Y,_T,Y15T64,_Z,A,2364.05
2016,NZL,LF,PS,_Z,Y,_T,Y15T64,_Z,A,2463.625
2017,NZL,LF,PS,_Z,Y,_T,Y15T64,_Z,A,2550.225
2018,NZL,LF,PS,_Z,Y,_T,Y15T64,_Z,A,2602.625
2020,NZL,LF,PS,_Z,Y,_T,Y15T64,_Z,A,2673.575
2000,NOR,LF,PS,_Z,Y,_T,Y15T64,_Z,A,2302.225
2001,NOR,LF,PS,_Z,Y,_T,Y15T64,_Z,A,2311.35
2002,NOR,LF,PS,_Z,Y,_T,Y15T64,_Z,A,2328.475
2003,NOR,LF,PS,_Z,Y,_T,Y15T64,_Z,A,2312.925
2021,NOR,LF,PS,_Z,Y,_T,Y15T64,_Z,A,2783.95
2022,NOR,LF,PS,_Z,Y,_T,Y15T64,_Z,A,2823.675
2023,NOR,LF,PS,_Z,Y,_T,Y15T64,_Z,A,2859.15
2001,POL,LF,PS,_Z,Y,_T,Y15T64,_Z,A,17029.72
2006,POL,LF,PS,_Z,Y,_T,Y15T64,_Z,A,16678.88
2007,POL,LF,PS,_Z,Y,_T,Y15T64,_Z,A,16610.3
2010,POL,LF,PS,_Z,Y,_T,Y15T64,_Z,A,16372.75
2011,POL,LF,PS,_Z,Y,_T,Y15T64,_Z,A,16487.75
2012,POL,LF,PS,_Z,Y,_T,Y15T64,_Z,A,16655.75
2013,POL,LF,PS,_Z,Y,_T,Y15T64,_Z,A,16696.0
2014,POL,LF,PS,_Z,Y,_T,Y15T64,_Z,A,16782.5
2015,POL,LF,PS,_Z,Y,_T,Y15T64,_Z,A,16779.0
2016,POL,LF,PS,_Z,Y,_T,Y15T64,_Z,A,16704.0
2017,POL,LF,PS,_Z,Y,_T,Y15T64,_Z,A,16710.5
2018,POL,LF,PS,_Z,Y,_T,Y15T64,_Z,A,16611.75
1998,PRT,LF,PS,_Z,Y,_T,Y15T64,_Z,A,4833.8
1999,PRT,LF,PS,_Z,Y,_T,Y15T64,_Z,A,4878.8
2000,PRT,LF,PS,_Z,Y,_T,Y15T64,_Z,A,4952.25
2001,PRT,LF,PS,_Z,Y,_T,Y15T64,_Z,A,5022.9
2002,PRT,LF,PS,_Z,Y,_T,Y15T64,_Z,A,5085.35
2003,PRT,LF,PS,_Z,Y,_T,Y15T64,_Z,A,5104.55
2006,PRT,LF,PS,_Z,Y,_T,Y15T64,_Z,A,5170.925
2007,PRT,LF,PS,_Z,Y,_T,Y15T64,_Z,A,5196.025
2009,PRT,LF,PS,_Z,Y,_T,Y15T64,_Z,A,4998.0
2010,PRT,LF,PS,_Z,Y,_T,Y15T64,_Z,A,5010.0
1999,SVK,LF,PS,_Z,Y,_T,Y15T64,_Z,A,2541.25
2000,SVK,LF,PS,_Z,Y,_T,Y15T64,_Z,A,2580.1
2001,SVK,LF,PS,_Z,Y,_T,Y15T64,_Z,A,2622.275
2003,SVK,LF,PS,_Z,Y,_T,Y15T64,_Z,A,2614.325
2006,SVK,LF,PS,_Z,Y,_T,Y15T64,_Z,A,2650.425
2007,SVK,LF,PS,_Z,Y,_T,Y15T64,_Z,A,2645.95
2009,SVK,LF,PS,_Z,Y,_T,Y15T64,_Z,A,2753.0
2011,SVK,LF,PS,_Z,Y,_T,Y15T64,_Z,A,2740.25
2012,SVK,LF,PS,_Z,Y,_T,Y15T64,_Z,A,2768.0
2013,SVK,LF,PS,_Z,Y,_T,Y15T64,_Z,A,2777.0
2014,SVK,LF,PS,_Z,Y,_T,Y15T64,_Z,A,2780.75
2015,SVK,LF,PS,_Z,Y,_T,Y15T64,_Z,A,2795.25
2016,SVK,LF,PS,_Z,Y,_T,Y15T64,_Z,A,2815.5
2017,SVK,LF,PS,_Z,Y,_T,Y15T64,_Z,A,2802.5
2018,SVK,LF,PS,_Z,Y,_T,Y15T64,_Z,A,2789.5
2019,SVK,LF,PS,_Z,Y,_T,Y15T64,_Z,A,2779.25
2020,SVK,LF,PS,_Z,Y,_T,Y15T64,_Z,A,2749.0
2021,SVK,LF,PS,_Z,Y,_T,Y15T64,_Z,A,2708.925
2022,SVK,LF,PS,_Z,Y,_T,Y15T64,_Z,A,2729.6
2023,SVK,LF,PS,_Z,Y,_T,Y15T64,_Z,A,2721.525
1999,SVN,LF,PS,_Z,Y,_T,Y15T64,_Z,A,931.2
2000,SVN,LF,PS,_Z,Y,_T,Y15T64,_Z,A,942.35
2001,SVN,LF,PS,_Z,Y,_T,Y15T64,_Z,A,952.95
2002,SVN,LF,PS,_Z,Y,_T,Y15T64,_Z,A,950.225
2003,SVN,LF,PS,_Z,Y,_T,Y15T64,_Z,A,943.025
2006,SVN,LF,PS,_Z,Y,_T,Y15T64,_Z,A,997.5
2007,SVN,LF,PS,_Z,Y,_T,Y15T64,_Z,A,1006.85
2009,SVN,LF,PS,_Z,Y,_T,Y15T64,_Z,A,1008.75
2010,SVN,LF,PS,_Z,Y,_T,Y15T64,_Z,A,1006.75
2011,SVN,LF,PS,_Z,Y,_T,Y15T64,_Z,A,989.5
2012,SVN,LF,PS,_Z,Y,_T,Y15T64,_Z,A,988.0
2013,SVN,LF,PS,_Z,Y,_T,Y15T64,_Z,A,982.0
2014,SVN,LF,PS,_Z,Y,_T,Y15T64,_Z,A,983.0
2015,SVN,LF,PS,_Z,Y,_T,Y15T64,_Z,A,983.75
2016,SVN,LF,PS,_Z,Y,_T,Y15T64,_Z,A,974.25
2017,SVN,LF,PS,_Z,Y,_T,Y15T64,_Z,A,1002.5
2018,SVN,LF,PS,_Z,Y,_T,Y15T64,_Z,A,1006.5
2019,SVN,LF,PS,_Z,Y,_T,Y15T64,_Z,A,1007.5
2020,SVN,LF,PS,_Z,Y,_T,Y15T64,_Z,A,1004.75
2021,SVN,LF,PS,_Z,Y,_T,Y15T64,_Z,A,1002.2
2022,SVN,LF,PS,_Z,Y,_T,Y15T64,_Z,A,1006.85
2023,SVN,LF,PS,_Z,Y,_T,Y15T64,_Z,A,1006.775
1999,ESP,LF,PS,_Z,Y,_T,Y15T64,_Z,A,17317.68
2001,ESP,LF,PS,_Z,Y,_T,Y15T64,_Z,A,17941.65
2002,ESP,LF,PS,_Z,Y,_T,Y15T64,_Z,A,18855.53
2003,ESP,LF,PS,_Z,Y,_T,Y15T64,_Z,A,19632.15
2006,ESP,LF,PS,_Z,Y,_T,Y15T64,_Z,A,21630.63
2007,ESP,LF,PS,_Z,Y,_T,Y15T64,_Z,A,22280.93
2008,ESP,LF,PS,_Z,Y,_T,Y15T64,_Z,A,22908.47
2016,ESP,LF,PS,_Z,Y,_T,Y15T64,_Z,A,22656.5
2001,SWE,LF,PS,_Z,Y,_T,Y15T64,_Z,A,4467.875
2002,SWE,LF,PS,_Z,Y,_T,Y15T64,_Z,A,4482.2
2003,SWE,LF,PS,_Z,Y,_T,Y15T64,_Z,A,4500.725
2006,CHE,LF,PS,_Z,Y,_T,Y15T64,_Z,A,4121.8
2007,CHE,LF,PS,_Z,Y,_T,Y15T64,_Z,A,4170.8
2008,CHE,LF,PS,_Z,Y,_T,Y15T64,_Z,A,4257.0
2017,CHE,LF,PS,_Z,Y,_T,Y15T64,_Z,A,4687.0
2006,TUR,LF,PS,_Z,Y,_T,Y15T64,_Z,A,21832.6
2007,TUR,LF,PS,_Z,Y,_T,Y15T64,_Z,A,22235.45
2008,TUR,LF,PS,_Z,Y,_T,Y15T64,_Z,A,22908.05
2009,TUR,LF,PS,_Z,Y,_T,Y15T64,_Z,A,23744.4
2010,TUR,LF,PS,_Z,Y,_T,Y15T64,_Z,A,24690.6
2011,TUR,LF,PS,_Z,Y,_T,Y15T64,_Z,A,25768.57
2012,TUR,LF,PS,_Z,Y,_T,Y15T64,_Z,A,26367.47
2014,TUR,LF,PS,_Z,Y,_T,Y15T64,_Z,A,28086.05
2015,TUR,LF,PS,_Z,Y,_T,Y15T64,_Z,A,28903.28
2016,TUR,LF,PS,_Z,Y,_T,Y15T64,_Z,A,29761.18
2017,TUR,LF,PS,_Z,Y,_T,Y15T64,_Z,A,30796.93
2018,TUR,LF,PS,_Z,Y,_T,Y15T64,_Z,A,31369.97
2019,TUR,LF,PS,_Z,Y,_T,Y15T64,_Z,A,31648.32
2021,TUR,LF,PS,_Z,Y,_T,Y15T64,_Z,A,31819.5
2022,TUR,LF,PS,_Z,Y,_T,Y15T64,_Z,A,33317.75
2023,TUR,LF,PS,_Z,Y,_T,Y15T64,_Z,A,33844.5
1993,GBR,LF,PS,_Z,Y,_T,Y15T64,_Z,A,27790.75
1994,GBR,LF,PS,_Z,Y,_T,Y15T64,_Z,A,27736.5
1995,GBR,LF,PS,_Z,Y,_T,Y15T64,_Z,A,27796.25
1996,GBR,LF,PS,_Z,Y,_T,Y15T64,_Z,A,27921.25
1997,GBR,LF,PS,_Z,Y,_T,Y15T64,_Z,A,28061.5
1998,GBR,LF,PS,_Z,Y,_T,Y15T64,_Z,A,28137.0
1999,GBR,LF,PS,_Z,Y,_T,Y15T64,_Z,A,28425.5
2000,GBR,LF,PS,_Z,Y,_T,Y15T64,_Z,A,28610.25
2001,GBR,LF,PS,_Z,Y,_T,Y15T64,_Z,A,28746.5
2002,GBR,LF,PS,_Z,Y,_T,Y15T64,_Z,A,28982.25
2003,GBR,LF,PS,_Z,Y,_T,Y15T64,_Z,A,29177.5
2004,GBR,LF,PS,_Z,Y,_T,Y15T64,_Z,A,29406.75
2006,GBR,LF,PS,_Z,Y,_T,Y15T64,_Z,A,30172.25
2007,GBR,LF,PS,_Z,Y,_T,Y15T64,_Z,A,30379.5
2008,GBR,LF,PS,_Z,Y,_T,Y15T64,_Z,A,30704.25
2009,GBR,LF,PS,_Z,Y,_T,Y15T64,_Z,A,30793.75
2010,GBR,LF,PS,_Z,Y,_T,Y15T64,_Z,A,30865.0
2011,GBR,LF,PS,_Z,Y,_T,Y15T64,_Z,A,31065.0
2012,GBR,LF,PS,_Z,Y,_T,Y15T64,_Z,A,31295.0
2013,GBR,LF,PS,_Z,Y,_T,Y15T64,_Z,A,31451.0
2014,GBR,LF,PS,_Z,Y,_T,Y15T64,_Z,A,31641.25
2015,GBR,LF,PS,_Z,Y,_T,Y15T64,_Z,A,31865.0
2016,GBR,LF,PS,_Z,Y,_T,Y15T64,_Z,A,32153.25
2017,GBR,LF,PS,_Z,Y,_T,Y15T64,_Z,A,32336.0
2018,GBR,LF,PS,_Z,Y,_T,Y15T64,_Z,A,32562.75
2006,G7,LF,PS,_Z,Y,_T,Y15T64,_Z,A,347978.5
2007,G7,LF,PS,_Z,Y,_T,Y15T64,_Z,A,350038.2
2006,EA20,LF,PS,_Z,Y,_T,Y15T64,_Z,A,153159.6
2007,EA20,LF,PS,_Z,Y,_T,Y15T64,_Z,A,154694.0
2008,EA20,LF,PS,_Z,Y,_T,Y15T64,_Z,A,156268.6
2009,EA20,LF,PS,_Z,Y,_T,Y15T64,_Z,A,158699.8
2010,EA20,LF,PS,_Z,Y,_T,Y15T64,_Z,A,158045.5
2006,EU27_2020,LF,PS,_Z,Y,_T,Y15T64,_Z,A,201428.5
2007,EU27_2020,LF,PS,_Z,Y,_T,Y15T64,_Z,A,203053.7
2008,EU27_2020,LF,PS,_Z,Y,_T,Y15T64,_Z,A,204847.8
2010,RUS,LF,PS,_Z,Y,_T,Y15T64,_Z,A,74637.85
2011,RUS,LF,PS,_Z,Y,_T,Y15T64,_Z,A,74937.66
2012,RUS,LF,PS,_Z,Y,_T,Y15T64,_Z,A,74852.1
2013,RUS,LF,PS,_Z,Y,_T,Y15T64,_Z,A,74666.16
2014,RUS,LF,PS,_Z,Y,_T,Y15T64,_Z,A,74573.8
2015,RUS,LF,PS,_Z,Y,_T,Y15T64,_Z,A,75659.69
2016,RUS,LF,PS,_Z,Y,_T,Y15T64,_Z,A,75667.43
2017,RUS,LF,PS,_Z,Y,_T,Y15T64,_Z,A,75086.11
2018,RUS,LF,PS,_Z,Y,_T,Y15T64,_Z,A,74875.23
2019,RUS,LF,PS,_Z,Y,_T,Y15T64,_Z,A,73943.48
2020,RUS,LF,PS,_Z,Y,_T,Y15T64,_Z,A,73482.38
2021,RUS,LF,PS,_Z,Y,_T,Y15T64,_Z,A,73933.27
2000,ZAF,LF,PS,_Z,Y,_T,Y15T64,_Z,A,16078.0
2001,ZAF,LF,PS,_Z,Y,_T,Y15T64,_Z,A,16182.0
2002,ZAF,LF,PS,_Z,Y,_T,Y15T64,_Z,A,16431.0
2003,ZAF,LF,PS,_Z,Y,_T,Y15T64,_Z,A,16208.0
2004,ZAF,LF,PS,_Z,Y,_T,Y15T64,_Z,A,15990.0
2006,ZAF,LF,PS,_Z,Y,_T,Y15T64,_Z,A,17341.0
2008,ZAF,LF,PS,_Z,Y,_T,Y15T64,_Z,A,18831.03
2009,ZAF,LF,PS,_Z,Y,_T,Y15T64,_Z,A,18596.81
2010,ZAF,LF,PS,_Z,Y,_T,Y15T64,_Z,A,18352.21
2011,ZAF,LF,PS,_Z,Y,_T,Y15T64,_Z,A,18706.36
2012,ZAF,LF,PS,_Z,Y,_T,Y15T64,_Z,A,19199.96
2013,ZAF,LF,PS,_Z,Y,_T,Y15T64,_Z,A,19751.67
2014,ZAF,LF,PS,_Z,Y,_T,Y15T64,_Z,A,20216.44
2015,ZAF,LF,PS,_Z,Y,_T,Y15T64,_Z,A,21084.66
2016,ZAF,LF,PS,_Z,Y,_T,Y15T64,_Z,A,21533.07
2017,ZAF,LF,PS,_Z,Y,_T,Y15T64,_Z,A,22289.0
2018,ZAF,LF,PS,_Z,Y,_T,Y15T64,_Z,A,22496.41
2019,ZAF,LF,PS,_Z,Y,_T,Y15T64,_Z,A,22928.84
2020,ZAF,LF,PS,_Z,Y,_T,Y15T64,_Z,A,21344.0
2021,ZAF,LF,PS,_Z,Y,_T,Y15T64,_Z,A,22348.98
2022,ZAF,LF,PS,_Z,Y,_T,Y15T64,_Z,A,23377.64
2023,ZAF,LF,PS,_Z,Y,_T,Y15T64,_Z,A,24401.28
2005,AUS,LF,PS,_Z,Y,_T,Y15T64,_Z,A,10210.99
2005,AUT,LF,PS,_Z,Y,_T,Y15T64,_Z,A,3934.375
2005,BEL,LF,PS,_Z,Y,_T,Y15T64,_Z,A,4589.35
2005,CZE,LF,PS,_Z,Y,_T,Y15T64,_Z,A,5118.45
2005,DNK,LF,PS,_Z,Y,_T,Y15T64,_Z,A,2845.675
2005,EST,LF,PS,_Z,Y,_T,Y15T64,_Z,A,647.025
2005,FIN,LF,PS,_Z,Y,_T,Y15T64,_Z,A,2597.15
2005,FRA,LF,PS,_Z,Y,_T,Y15T64,_Z,A,28104.5
2005,DEU,LF,PS,_Z,Y,_T,Y15T64,_Z,A,40411.15
2005,GRC,LF,PS,_Z,Y,_T,Y15T64,_Z,A,4852.825
2005,HUN,LF,PS,_Z,Y,_T,Y15T64,_Z,A,4180.025
2005,ISL,LF,PS,_Z,Y,_T,Y15T64,_Z,A,157.975
2005,IRL,LF,PS,_Z,Y,_T,Y15T64,_Z,A,2003.55
2005,ISR,LF,PS,_Z,Y,_T,Y15T64,_Z,A,2670.0
2005,ITA,LF,PS,_Z,Y,_T,Y15T64,_Z,A,23933.43
2005,KOR,LF,PS,_Z,Y,_T,Y15T64,_Z,A,22423.03
2005,LVA,LF,PS,_Z,Y,_T,Y15T64,_Z,A,1048.95
2005,LTU,LF,PS,_Z,Y,_T,Y15T64,_Z,A,1543.925
2005,LUX,LF,PS,_Z,Y,_T,Y15T64,_Z,A,202.3
2005,MEX,LF,PS,_Z,Y,_T,Y15T64,_Z,A,41627.2
2005,NLD,LF,PS,_Z,Y,_T,Y15T64,_Z,A,8212.5
2005,NZL,LF,PS,_Z,Y,_T,Y15T64,_Z,A,2109.675
2005,POL,LF,PS,_Z,Y,_T,Y15T64,_Z,A,16873.47
2005,PRT,LF,PS,_Z,Y,_T,Y15T64,_Z,A,5136.35
2005,SVK,LF,PS,_Z,Y,_T,Y15T64,_Z,A,2636.275
2005,SVN,LF,PS,_Z,Y,_T,Y15T64,_Z,A,990.925
2005,ESP,LF,PS,_Z,Y,_T,Y15T64,_Z,A,20998.3
2005,CHE,LF,PS,_Z,Y,_T,Y15T64,_Z,A,4071.2
2005,GBR,LF,PS,_Z,Y,_T,Y15T64,_Z,A,29723.25
2005,G7,LF,PS,_Z,Y,_T,Y15T64,_Z,A,344649.2
2005,EA20,LF,PS,_Z,Y,_T,Y15T64,_Z,A,151447.4
2005,EU27_2020,LF,PS,_Z,Y,_T,Y15T64,_Z,A,199452.6
2005,ZAF,LF,PS,_Z,Y,_T,Y15T64,_Z,A,16767.0
2007,DNK,LF,PS,_Z,Y,_T,Y15T64,_Z,A,2868.625
2007,FIN,LF,PS,_Z,Y,_T,Y15T64,_Z,A,2641.775
2007,ISL,LF,PS,_Z,Y,_T,Y15T64,_Z,A,173.5
2007,ZAF,LF,PS,_Z,Y,_T,Y15T64,_Z,A,17339.0
2006,AUT,LF,PS,_Z,Y,_T,Y15T64,_Z,A,3993.975
2006,IRL,LF,PS,_Z,Y,_T,Y15T64,_Z,A,2098.8
2006,LUX,LF,PS,_Z,Y,_T,Y15T64,_Z,A,204.6
2016,BEL,LF,PS,_Z,Y,_T,Y15T64,_Z,A,4934.25
2021,CZE,LF,PS,_Z,Y,_T,Y15T64,_Z,A,5216.2
1998,FIN,LF,PS,_Z,Y,_T,Y15T64,_Z,A,2471.45
1999,FIN,LF,PS,_Z,Y,_T,Y15T64,_Z,A,2541.875
2011,ISR,LF,PS,_Z,Y,_T,Y15T64,_Z,A,3100.825
2011,JPN,LF,PS,_Z,Y,_T,Y15T64,_Z,A,60105.83
2014,LUX,LF,PS,_Z,Y,_T,Y15T64,_Z,A,257.975
2020,LUX,LF,PS,_Z,Y,_T,Y15T64,_Z,A,311.225
2005,NOR,LF,PS,_Z,Y,_T,Y15T64,_Z,A,2346.95
2002,POL,LF,PS,_Z,Y,_T,Y15T64,_Z,A,16893.13
2002,SVK,LF,PS,_Z,Y,_T,Y15T64,_Z,A,2604.7
2010,SVK,LF,PS,_Z,Y,_T,Y15T64,_Z,A,2770.0
2009,CHE,LF,PS,_Z,Y,_T,Y15T64,_Z,A,4322.7
2013,TUR,LF,PS,_Z,Y,_T,Y15T64,_Z,A,27290.32
2020,TUR,LF,PS,_Z,Y,_T,Y15T64,_Z,A,30076.78
2003,AUT,LF,PS,_Z,Y,_T,Y15T64,_Z,A,3933.0
2003,GRC,LF,PS,_Z,Y,_T,Y15T64,_Z,A,4730.75
2003,ITA,LF,PS,_Z,Y,_T,Y15T64,_Z,A,23797.13
2003,POL,LF,PS,_Z,Y,_T,Y15T64,_Z,A,16643.63
2000,BEL,LF,PS,_Z,Y,_T,Y15T64,_Z,A,4375.825
2000,FIN,LF,PS,_Z,Y,_T,Y15T64,_Z,A,2572.25
2000,GRC,LF,PS,_Z,Y,_T,Y15T64,_Z,A,4518.625
2000,HUN,LF,PS,_Z,Y,_T,Y15T64,_Z,A,4067.7
2000,POL,LF,PS,_Z,Y,_T,Y15T64,_Z,A,16927.65
2000,ESP,LF,PS,_Z,Y,_T,Y15T64,_Z,A,17903.4
2008,BEL,LF,PS,_Z,Y,_T,Y15T64,_Z,A,4746.625
2008,EST,LF,PS,_Z,Y,_T,Y15T64,_Z,A,669.6
2008,FIN,LF,PS,_Z,Y,_T,Y15T64,_Z,A,2668.975
2008,GRC,LF,PS,_Z,Y,_T,Y15T64,_Z,A,4909.975
2008,IRL,LF,PS,_Z,Y,_T,Y15T64,_Z,A,2311.95
2008,ITA,LF,PS,_Z,Y,_T,Y15T64,_Z,A,24356.53
2008,LVA,LF,PS,_Z,Y,_T,Y15T64,_Z,A,1096.9
2008,LUX,LF,PS,_Z,Y,_T,Y15T64,_Z,A,212.6
2008,NLD,LF,PS,_Z,Y,_T,Y15T64,_Z,A,8554.225
2008,POL,LF,PS,_Z,Y,_T,Y15T64,_Z,A,16764.6
2008,PRT,LF,PS,_Z,Y,_T,Y15T64,_Z,A,5203.125
2008,SVK,LF,PS,_Z,Y,_T,Y15T64,_Z,A,2678.95
2008,SVN,LF,PS,_Z,Y,_T,Y15T64,_Z,A,1020.75
2008,G7,LF,PS,_Z,Y,_T,Y15T64,_Z,A,351625.0
2004,AUT,LF,PS,_Z,Y,_T,Y15T64,_Z,A,3864.525
2004,BEL,LF,PS,_Z,Y,_T,Y15T64,_Z,A,4492.725
2004,CZE,LF,PS,_Z,Y,_T,Y15T64,_Z,A,5063.0
2004,DNK,LF,PS,_Z,Y,_T,Y15T64,_Z,A,2852.475
2004,EST,LF,PS,_Z,Y,_T,Y15T64,_Z,A,646.975
2004,FIN,LF,PS,_Z,Y,_T,Y15T64,_Z,A,2573.575
2004,GRC,LF,PS,_Z,Y,_T,Y15T64,_Z,A,4829.275
2004,HUN,LF,PS,_Z,Y,_T,Y15T64,_Z,A,4126.7
2004,IRL,LF,PS,_Z,Y,_T,Y15T64,_Z,A,1918.6
2004,ITA,LF,PS,_Z,Y,_T,Y15T64,_Z,A,23958.18
2004,LVA,LF,PS,_Z,Y,_T,Y15T64,_Z,A,1062.525
2004,LUX,LF,PS,_Z,Y,_T,Y15T64,_Z,A,198.1
2004,NLD,LF,PS,_Z,Y,_T,Y15T64,_Z,A,8397.6
2004,NOR,LF,PS,_Z,Y,_T,Y15T64,_Z,A,2325.175
2004,POL,LF,PS,_Z,Y,_T,Y15T64,_Z,A,16727.4
2004,PRT,LF,PS,_Z,Y,_T,Y15T64,_Z,A,5100.575
2004,SVK,LF,PS,_Z,Y,_T,Y15T64,_Z,A,2642.475
2004,SVN,LF,PS,_Z,Y,_T,Y15T64,_Z,A,980.675
2004,ESP,LF,PS,_Z,Y,_T,Y15T64,_Z,A,20263.82
2013,OECD,LF,PS,_Z,Y,_T,Y15T64,_Z,A,604693.6
2014,OECD,LF,PS,_Z,Y,_T,Y15T64,_Z,A,607470.9
2016,OECD,LF,PS,_Z,Y,_T,Y15T64,_Z,A,617034.1
2017,OECD,LF,PS,_Z,Y,_T,Y15T64,_Z,A,620869.6
2019,OECD,LF,PS,_Z,Y,_T,Y15T64,_Z,A,631790.8
2019,DEU,LF,PS,_Z,Y,_T,Y15T64,_Z,A,41299.5
2019,G7,LF,PS,_Z,Y,_T,Y15T64,_Z,A,360612.4
2020,DEU,LF,PS,_Z,Y,_T,Y15T64,_Z,A,40611.75
2020,G7,LF,PS,_Z,Y,_T,Y15T64,_Z,A,355405.2
2011,G7,LF,PS,_Z,Y,_T,Y15T64,_Z,A,348669.1
2011,OECD,LF,PS,_Z,Y,_T,Y15T64,_Z,A,596653.8
2017,HUN,LF,PS,_Z,Y,_T,Y15T64,_Z,A,4564.875
2021,OECD,LF,PS,_Z,Y,_T,Y15T64,_Z,A,629345.9
2008,ROU,LF,PS,_Z,Y,_T,Y15T64,_Z,A,9457.35
2020,HUN,LF,PS,_Z,Y,_T,Y15T64,_Z,A,4541.625
2020,ISL,LF,PS,_Z,Y,_T,Y15T64,_Z,A,195.75
2020,ITA,LF,PS,_Z,Y,_T,Y15T64,_Z,A,24009.0
2020,NOR,LF,PS,_Z,Y,_T,Y15T64,_Z,A,2768.0
2020,OECD,LF,PS,_Z,Y,_T,Y15T64,_Z,A,618952.6
2012,OECD,LF,PS,_Z,Y,_T,Y15T64,_Z,A,602042.6
2015,OECD,LF,PS,_Z,Y,_T,Y15T64,_Z,A,611341.1
2018,OECD,LF,PS,_Z,Y,_T,Y15T64,_Z,A,626378.6
2009,G7,LF,PS,_Z,Y,_T,Y15T64,_Z,A,350257.2
2010,G7,LF,PS,_Z,Y,_T,Y15T64,_Z,A,349044.0
2012,G7,LF,PS,_Z,Y,_T,Y15T64,_Z,A,349974.2
2013,G7,LF,PS,_Z,Y,_T,Y15T64,_Z,A,350422.6
2014,G7,LF,PS,_Z,Y,_T,Y15T64,_Z,A,350925.7
2015,G7,LF,PS,_Z,Y,_T,Y15T64,_Z,A,351760.7
2016,G7,LF,PS,_Z,Y,_T,Y15T64,_Z,A,354859.4
2017,G7,LF,PS,_Z,Y,_T,Y15T64,_Z,A,356467.1
2018,G7,LF,PS,_Z,Y,_T,Y15T64,_Z,A,358819.7
2021,G7,LF,PS,_Z,Y,_T,Y15T64,_Z,A,357549.5
2022,G7,LF,PS,_Z,Y,_T,Y15T64,_Z,A,362030.5
2023,G7,LF,PS,_Z,Y,_T,Y15T64,_Z,A,366742.5
2009,DEU,LF,PS,_Z,Y,_T,Y15T64,_Z,A,40306.75
2010,DEU,LF,PS,_Z,Y,_T,Y15T64,_Z,A,39483.0
2012,DEU,LF,PS,_Z,Y,_T,Y15T64,_Z,A,39844.5
2013,DEU,LF,PS,_Z,Y,_T,Y15T64,_Z,A,40068.0
2014,DEU,LF,PS,_Z,Y,_T,Y15T64,_Z,A,40192.75
2015,DEU,LF,PS,_Z,Y,_T,Y15T64,_Z,A,40266.25
2016,DEU,LF,PS,_Z,Y,_T,Y15T64,_Z,A,41011.25
2017,DEU,LF,PS,_Z,Y,_T,Y15T64,_Z,A,41112.25
2018,DEU,LF,PS,_Z,Y,_T,Y15T64,_Z,A,41041.5
2021,DEU,LF,PS,_Z,Y,_T,Y15T64,_Z,A,41004.75
2022,DEU,LF,PS,_Z,Y,_T,Y15T64,_Z,A,41741.0
2023,DEU,LF,PS,_Z,Y,_T,Y15T64,_Z,A,42141.75
2011,CAN,LF,PS,_Z,Y,_T,Y15T64,_Z,A,18096.41
2012,CAN,LF,PS,_Z,Y,_T,Y15T64,_Z,A,18227.15
2013,CAN,LF,PS,_Z,Y,_T,Y15T64,_Z,A,18376.58
2014,CAN,LF,PS,_Z,Y,_T,Y15T64,_Z,A,18386.24
2015,CAN,LF,PS,_Z,Y,_T,Y15T64,_Z,A,18474.34
2016,CAN,LF,PS,_Z,Y,_T,Y15T64,_Z,A,18574.31
2017,CAN,LF,PS,_Z,Y,_T,Y15T64,_Z,A,18819.56
2018,CAN,LF,PS,_Z,Y,_T,Y15T64,_Z,A,19019.78
2019,CAN,LF,PS,_Z,Y,_T,Y15T64,_Z,A,19289.53
2020,CAN,LF,PS,_Z,Y,_T,Y15T64,_Z,A,19092.48
2008,HUN,LF,PS,_Z,Y,_T,Y15T64,_Z,A,4144.0
2009,HUN,LF,PS,_Z,Y,_T,Y15T64,_Z,A,4134.75
2010,HUN,LF,PS,_Z,Y,_T,Y15T64,_Z,A,4170.55
2011,HUN,LF,PS,_Z,Y,_T,Y15T64,_Z,A,4189.95
2012,HUN,LF,PS,_Z,Y,_T,Y15T64,_Z,A,4264.925
2013,HUN,LF,PS,_Z,Y,_T,Y15T64,_Z,A,4300.25
2014,HUN,LF,PS,_Z,Y,_T,Y15T64,_Z,A,4412.625
2015,HUN,LF,PS,_Z,Y,_T,Y15T64,_Z,A,4482.75
2016,HUN,LF,PS,_Z,Y,_T,Y15T64,_Z,A,4543.225
2018,HUN,LF,PS,_Z,Y,_T,Y15T64,_Z,A,4570.75
2019,HUN,LF,PS,_Z,Y,_T,Y15T64,_Z,A,4576.95
2016,AUS,LF,PS,_Z,Y,_T,Y15T64,_Z,A,12226.61
2017,AUS,LF,PS,_Z,Y,_T,Y15T64,_Z,A,12446.81
2018,AUS,LF,PS,_Z,Y,_T,Y15T64,_Z,A,12688.8
2019,AUS,LF,PS,_Z,Y,_T,Y15T64,_Z,A,12932.68
2019,NZL,LF,PS,_Z,Y,_T,Y15T64,_Z,A,2634.975
2005,CHL,LF,PS,_Z,Y,_T,Y15T64,_Z,A,6093.94
2006,CHL,LF,PS,_Z,Y,_T,Y15T64,_Z,A,6419.98
2007,CHL,LF,PS,_Z,Y,_T,Y15T64,_Z,A,6676.25
2008,CHL,LF,PS,_Z,Y,_T,Y15T64,_Z,A,6913.942
2009,CHL,LF,PS,_Z,Y,_T,Y15T64,_Z,A,6999.585
2010,CHL,LF,PS,_Z,Y,_T,Y15T64,_Z,A,7685.661
2011,CHL,LF,PS,_Z,Y,_T,Y15T64,_Z,A,7949.317
2012,CHL,LF,PS,_Z,Y,_T,Y15T64,_Z,A,8062.999
2013,CHL,LF,PS,_Z,Y,_T,Y15T64,_Z,A,8170.016
2014,CHL,LF,PS,_Z,Y,_T,Y15T64,_Z,A,8301.482
2015,CHL,LF,PS,_Z,Y,_T,Y15T64,_Z,A,8402.735
2016,CHL,LF,PS,_Z,Y,_T,Y15T64,_Z,A,8504.561
2017,CHL,LF,PS,_Z,Y,_T,Y15T64,_Z,A,8725.013
2018,CHL,LF,PS,_Z,Y,_T,Y15T64,_Z,A,8949.845
2019,CHL,LF,PS,_Z,Y,_T,Y15T64,_Z,A,9101.33
2020,CHL,LF,PS,_Z,Y,_T,Y15T64,_Z,A,8373.752
2022,AUS,LF,PS,_Z,Y,_T,Y15T64,_Z,A,13429.81
2022,CAN,LF,PS,_Z,Y,_T,Y15T64,_Z,A,19827.82
2022,CHL,LF,PS,_Z,Y,_T,Y15T64,_Z,A,9117.808
2022,FRA,LF,PS,_Z,Y,_T,Y15T64,_Z,A,30029.38
2022,HUN,LF,PS,_Z,Y,_T,Y15T64,_Z,A,4732.275
2022,NZL,LF,PS,_Z,Y,_T,Y15T64,_Z,A,2730.2
2022,PRT,LF,PS,_Z,Y,_T,Y15T64,_Z,A,5046.025
2022,CHE,LF,PS,_Z,Y,_T,Y15T64,_Z,A,4780.575
2022,OECD,LF,PS,_Z,Y,_T,Y15T64,_Z,A,640509.0
2022,EA20,LF,PS,_Z,Y,_T,Y15T64,_Z,A,163372.1
2022,EU27_2020,LF,PS,_Z,Y,_T,Y15T64,_Z,A,210125.8
2021,AUS,LF,PS,_Z,Y,_T,Y15T64,_Z,A,13043.12
2021,CAN,LF,PS,_Z,Y,_T,Y15T64,_Z,A,19548.7
2021,CHL,LF,PS,_Z,Y,_T,Y15T64,_Z,A,8662.666
2021,FRA,LF,PS,_Z,Y,_T,Y15T64,_Z,A,29620.03
2021,HUN,LF,PS,_Z,Y,_T,Y15T64,_Z,A,4701.55
2021,NZL,LF,PS,_Z,Y,_T,Y15T64,_Z,A,2702.925
2021,PRT,LF,PS,_Z,Y,_T,Y15T64,_Z,A,4936.725
2021,CHE,LF,PS,_Z,Y,_T,Y15T64,_Z,A,4770.9
2021,BGR,LF,PS,_Z,Y,_T,Y15T64,_Z,A,2939.625
2021,EA20,LF,PS,_Z,Y,_T,Y15T64,_Z,A,160835.9
2021,EU27_2020,LF,PS,_Z,Y,_T,Y15T64,_Z,A,207430.3
2023,AUS,LF,PS,_Z,Y,_T,Y15T64,_Z,A,13864.17
2023,CAN,LF,PS,_Z,Y,_T,Y15T64,_Z,A,20412.47
2023,CHL,LF,PS,_Z,Y,_T,Y15T64,_Z,A,9372.228
2023,FRA,LF,PS,_Z,Y,_T,Y15T64,_Z,A,30252.8
2023,HUN,LF,PS,_Z,Y,_T,Y15T64,_Z,A,4775.25
2023,NZL,LF,PS,_Z,Y,_T,Y15T64,_Z,A,2827.1
2023,PRT,LF,PS,_Z,Y,_T,Y15T64,_Z,A,5167.35
2023,CHE,LF,PS,_Z,Y,_T,Y15T64,_Z,A,4849.6
2023,OECD,LF,PS,_Z,Y,_T,Y15T64,_Z,A,649174.9
2023,EA20,LF,PS,_Z,Y,_T,Y15T64,_Z,A,165342.3
2023,EU27_2020,LF,PS,_Z,Y,_T,Y15T64,_Z,A,212050.6
2023,HRV,LF,PS,_Z,Y,_T,Y15T64,_Z,A,1694.65
2002,HRV,LF,PS,_Z,Y,_T,Y15T64,_Z,A,1744.6
2004,HRV,LF,PS,_Z,Y,_T,Y15T64,_Z,A,1751.8
2005,HRV,LF,PS,_Z,Y,_T,Y15T64,_Z,A,1737.6
2006,HRV,LF,PS,_Z,Y,_T,Y15T64,_Z,A,1724.45
2007,HRV,LF,PS,_Z,Y,_T,Y15T64,_Z,A,1884.175
2008,HRV,LF,PS,_Z,Y,_T,Y15T64,_Z,A,1889.95
2009,HRV,LF,PS,_Z,Y,_T,Y15T64,_Z,A,1886.075
2010,HRV,LF,PS,_Z,Y,_T,Y15T64,_Z,A,1870.8
2011,HRV,LF,PS,_Z,Y,_T,Y15T64,_Z,A,1840.75
2003,HRV,LF,PS,_Z,Y,_T,Y15T64,_Z,A,1734.35
2012,HRV,LF,PS,_Z,Y,_T,Y15T64,_Z,A,1813.025
2013,HRV,LF,PS,_Z,Y,_T,Y15T64,_Z,A,1790.5
2014,HRV,LF,PS,_Z,Y,_T,Y15T64,_Z,A,1831.55
2015,HRV,LF,PS,_Z,Y,_T,Y15T64,_Z,A,1825.975
2016,HRV,LF,PS,_Z,Y,_T,Y15T64,_Z,A,1755.55
2017,HRV,LF,PS,_Z,Y,_T,Y15T64,_Z,A,1734.475
2018,HRV,LF,PS,_Z,Y,_T,Y15T64,_Z,A,1694.725
2019,HRV,LF,PS,_Z,Y,_T,Y15T64,_Z,A,1672.5
2020,HRV,LF,PS,_Z,Y,_T,Y15T64,_Z,A,1664.95
2021,HRV,LF,PS,_Z,Y,_T,Y15T64,_Z,A,1685.25
2022,HRV,LF,PS,_Z,Y,_T,Y15T64,_Z,A,1695.85
1999,ROU,LF,PS,_Z,Y,_T,Y15T64,_Z,A,10388.08
2000,ROU,LF,PS,_Z,Y,_T,Y15T64,_Z,A,10410.88
2001,ROU,LF,PS,_Z,Y,_T,Y15T64,_Z,A,10278.7
2002,ROU,LF,PS,_Z,Y,_T,Y15T64,_Z,A,9716.825
2003,ROU,LF,PS,_Z,Y,_T,Y15T64,_Z,A,9293.2
2004,ROU,LF,PS,_Z,Y,_T,Y15T64,_Z,A,9433.55
2005,ROU,LF,PS,_Z,Y,_T,Y15T64,_Z,A,9355.525
2006,ROU,LF,PS,_Z,Y,_T,Y15T64,_Z,A,9565.5
2007,ROU,LF,PS,_Z,Y,_T,Y15T64,_Z,A,9482.725
2009,ROU,LF,PS,_Z,Y,_T,Y15T64,_Z,A,8128.5
2010,ROU,LF,PS,_Z,Y,_T,Y15T64,_Z,A,7912.75
2011,ROU,LF,PS,_Z,Y,_T,Y15T64,_Z,A,7842.0
2012,ROU,LF,PS,_Z,Y,_T,Y15T64,_Z,A,7872.75
2013,ROU,LF,PS,_Z,Y,_T,Y15T64,_Z,A,7878.0
2014,ROU,LF,PS,_Z,Y,_T,Y15T64,_Z,A,7952.75
2015,ROU,LF,PS,_Z,Y,_T,Y15T64,_Z,A,8034.75
2016,ROU,LF,PS,_Z,Y,_T,Y15T64,_Z,A,7980.5
2017,ROU,LF,PS,_Z,Y,_T,Y15T64,_Z,A,8095.75
2018,ROU,LF,PS,_Z,Y,_T,Y15T64,_Z,A,8063.25
2019,ROU,LF,PS,_Z,Y,_T,Y15T64,_Z,A,8090.75
2020,ROU,LF,PS,_Z,Y,_T,Y15T64,_Z,A,8087.75
2021,ROU,LF,PS,_Z,Y,_T,Y15T64,_Z,A,8124.5
2022,ROU,LF,PS,_Z,Y,_T,Y15T64,_Z,A,8191.1
2023,ROU,LF,PS,_Z,Y,_T,Y15T64,_Z,A,8066.775
2009,POL,LF,PS,_Z,Y,_T,Y15T64,_Z,A,16466.0
2004,SWE,LF,PS,_Z,Y,_T,Y15T64,_Z,A,4518.775
2023,IRL,LF,PS,_Z,Y,_T,Y15T64,_Z,A,2689.575
2023,POL,LF,PS,_Z,Y,_T,Y15T64,_Z,A,17362.88
2023,ESP,LF,PS,_Z,Y,_T,Y15T64,_Z,A,23765.28
2023,SWE,LF,PS,_Z,Y,_T,Y15T64,_Z,A,5488.925
2022,IRL,LF,PS,_Z,Y,_T,Y15T64,_Z,A,2609.7
2022,POL,LF,PS,_Z,Y,_T,Y15T64,_Z,A,17317.88
2022,ESP,LF,PS,_Z,Y,_T,Y15T64,_Z,A,23294.8
2022,SWE,LF,PS,_Z,Y,_T,Y15T64,_Z,A,5408.85
2021,IRL,LF,PS,_Z,Y,_T,Y15T64,_Z,A,2482.375
2021,POL,LF,PS,_Z,Y,_T,Y15T64,_Z,A,17339.7
2021,ESP,LF,PS,_Z,Y,_T,Y15T64,_Z,A,23005.8
2021,SWE,LF,PS,_Z,Y,_T,Y15T64,_Z,A,5326.725
2000,BGR,LF,PS,_Z,Y,_T,Y15T64,_Z,A,3335.875
2001,BGR,LF,PS,_Z,Y,_T,Y15T64,_Z,A,3358.275
2002,BGR,LF,PS,_Z,Y,_T,Y15T64,_Z,A,3315.6
2003,BGR,LF,PS,_Z,Y,_T,Y15T64,_Z,A,3233.05
2004,BGR,LF,PS,_Z,Y,_T,Y15T64,_Z,A,3276.5
2005,BGR,LF,PS,_Z,Y,_T,Y15T64,_Z,A,3280.975
2006,BGR,LF,PS,_Z,Y,_T,Y15T64,_Z,A,3376.325
2007,BGR,LF,PS,_Z,Y,_T,Y15T64,_Z,A,3447.875
2008,BGR,LF,PS,_Z,Y,_T,Y15T64,_Z,A,3504.675
2022,BGR,LF,PS,_Z,Y,_T,Y15T64,_Z,A,2965.4
2023,BGR,LF,PS,_Z,Y,_T,Y15T64,_Z,A,2951.375
2006,NOR,LF,PS,_Z,Y,_T,Y15T64,_Z,A,2417.75
2007,NOR,LF,PS,_Z,Y,_T,Y15T64,_Z,A,2473.5
2008,NOR,LF,PS,_Z,Y,_T,Y15T64,_Z,A,2543.25
2009,NOR,LF,PS,_Z,Y,_T,Y15T64,_Z,A,2541.5
2010,NOR,LF,PS,_Z,Y,_T,Y15T64,_Z,A,2552.0
2011,NOR,LF,PS,_Z,Y,_T,Y15T64,_Z,A,2582.75
2012,NOR,LF,PS,_Z,Y,_T,Y15T64,_Z,A,2617.75
2013,NOR,LF,PS,_Z,Y,_T,Y15T64,_Z,A,2646.25
2014,NOR,LF,PS,_Z,Y,_T,Y15T64,_Z,A,2659.25
2015,NOR,LF,PS,_Z,Y,_T,Y15T64,_Z,A,2695.25
2016,NOR,LF,PS,_Z,Y,_T,Y15T64,_Z,A,2708.25
2017,NOR,LF,PS,_Z,Y,_T,Y15T64,_Z,A,2702.0
2018,NOR,LF,PS,_Z,Y,_T,Y15T64,_Z,A,2729.5
2019,NOR,LF,PS,_Z,Y,_T,Y15T64,_Z,A,2756.0
2011,PRT,LF,PS,_Z,Y,_T,Y15T64,_Z,A,4994.25
2012,PRT,LF,PS,_Z,Y,_T,Y15T64,_Z,A,4933.75
2013,PRT,LF,PS,_Z,Y,_T,Y15T64,_Z,A,4881.0
2014,PRT,LF,PS,_Z,Y,_T,Y15T64,_Z,A,4879.0
2015,PRT,LF,PS,_Z,Y,_T,Y15T64,_Z,A,4874.75
2016,PRT,LF,PS,_Z,Y,_T,Y15T64,_Z,A,4879.75
2017,PRT,LF,PS,_Z,Y,_T,Y15T64,_Z,A,4926.25
2018,PRT,LF,PS,_Z,Y,_T,Y15T64,_Z,A,4944.0
2019,PRT,LF,PS,_Z,Y,_T,Y15T64,_Z,A,4955.5
2020,PRT,LF,PS,_Z,Y,_T,Y15T64,_Z,A,4868.5
2019,GBR,LF,PS,_Z,Y,_T,Y15T64,_Z,A,32914.0
2020,GBR,LF,PS,_Z,Y,_T,Y15T64,_Z,A,32790.75
2021,GBR,LF,PS,_Z,Y,_T,Y15T64,_Z,A,32768.5
2022,GBR,LF,PS,_Z,Y,_T,Y15T64,_Z,A,32875.25
2023,GBR,LF,PS,_Z,Y,_T,Y15T64,_Z,A,33302.0
2019,POL,LF,PS,_Z,Y,_T,Y15T64,_Z,A,16953.75
2020,POL,LF,PS,_Z,Y,_T,Y15T64,_Z,A,16908.75
2005,SWE,LF,PS,_Z,Y,_T,Y15T64,_Z,A,4604.0
2006,SWE,LF,PS,_Z,Y,_T,Y15T64,_Z,A,4653.75
2007,SWE,LF,PS,_Z,Y,_T,Y15T64,_Z,A,4717.0
2008,SWE,LF,PS,_Z,Y,_T,Y15T64,_Z,A,4764.25
2009,SWE,LF,PS,_Z,Y,_T,Y15T64,_Z,A,4763.5
2010,SWE,LF,PS,_Z,Y,_T,Y15T64,_Z,A,4791.5
2011,SWE,LF,PS,_Z,Y,_T,Y15T64,_Z,A,4853.0
2012,SWE,LF,PS,_Z,Y,_T,Y15T64,_Z,A,4876.75
2013,SWE,LF,PS,_Z,Y,_T,Y15T64,_Z,A,4928.5
2014,SWE,LF,PS,_Z,Y,_T,Y15T64,_Z,A,4970.5
2015,SWE,LF,PS,_Z,Y,_T,Y15T64,_Z,A,5007.5
2016,SWE,LF,PS,_Z,Y,_T,Y15T64,_Z,A,5062.75
2017,SWE,LF,PS,_Z,Y,_T,Y15T64,_Z,A,5149.75
2018,SWE,LF,PS,_Z,Y,_T,Y15T64,_Z,A,5211.75
2019,SWE,LF,PS,_Z,Y,_T,Y15T64,_Z,A,5268.5
2020,SWE,LF,PS,_Z,Y,_T,Y15T64,_Z,A,5269.75
2019,CZE,LF,PS,_Z,Y,_T,Y15T64,_Z,A,5259.5
2019,DNK,LF,PS,_Z,Y,_T,Y15T64,_Z,A,2929.5
2019,ISL,LF,PS,_Z,Y,_T,Y15T64,_Z,A,198.0
2019,LTU,LF,PS,_Z,Y,_T,Y15T64,_Z,A,1416.0
2019,ESP,LF,PS,_Z,Y,_T,Y15T64,_Z,A,22803.25
2019,CHE,LF,PS,_Z,Y,_T,Y15T64,_Z,A,4742.25
2019,EA20,LF,PS,_Z,Y,_T,Y15T64,_Z,A,161906.8
2019,EU27_2020,LF,PS,_Z,Y,_T,Y15T64,_Z,A,208190.5
2019,BGR,LF,PS,_Z,Y,_T,Y15T64,_Z,A,3077.25
2018,CZE,LF,PS,_Z,Y,_T,Y15T64,_Z,A,5267.25
2018,DNK,LF,PS,_Z,Y,_T,Y15T64,_Z,A,2891.75
2018,ISL,LF,PS,_Z,Y,_T,Y15T64,_Z,A,193.0
2018,ESP,LF,PS,_Z,Y,_T,Y15T64,_Z,A,22606.25
2018,CHE,LF,PS,_Z,Y,_T,Y15T64,_Z,A,4719.5
2018,EA20,LF,PS,_Z,Y,_T,Y15T64,_Z,A,161324.0
2018,EU27_2020,LF,PS,_Z,Y,_T,Y15T64,_Z,A,207309.0
2018,BGR,LF,PS,_Z,Y,_T,Y15T64,_Z,A,3235.0
2015,CZE,LF,PS,_Z,Y,_T,Y15T64,_Z,A,5201.25
2015,DNK,LF,PS,_Z,Y,_T,Y15T64,_Z,A,2803.5
2015,ISL,LF,PS,_Z,Y,_T,Y15T64,_Z,A,181.75
2015,LTU,LF,PS,_Z,Y,_T,Y15T64,_Z,A,1434.0
2015,ESP,LF,PS,_Z,Y,_T,Y15T64,_Z,A,22767.0
2015,CHE,LF,PS,_Z,Y,_T,Y15T64,_Z,A,4596.75
2015,EA20,LF,PS,_Z,Y,_T,Y15T64,_Z,A,159493.0
2015,EU27_2020,LF,PS,_Z,Y,_T,Y15T64,_Z,A,205197.0
2015,BGR,LF,PS,_Z,Y,_T,Y15T64,_Z,A,3271.0
2011,CZE,LF,PS,_Z,Y,_T,Y15T64,_Z,A,5146.0
2011,DNK,LF,PS,_Z,Y,_T,Y15T64,_Z,A,2811.0
2011,ISL,LF,PS,_Z,Y,_T,Y15T64,_Z,A,171.5
2011,LTU,LF,PS,_Z,Y,_T,Y15T64,_Z,A,1453.5
2011,ESP,LF,PS,_Z,Y,_T,Y15T64,_Z,A,23280.25
2011,CHE,LF,PS,_Z,Y,_T,Y15T64,_Z,A,4366.25
2011,EA20,LF,PS,_Z,Y,_T,Y15T64,_Z,A,158204.5
2011,EU27_2020,LF,PS,_Z,Y,_T,Y15T64,_Z,A,202972.3
2011,BGR,LF,PS,_Z,Y,_T,Y15T64,_Z,A,3294.75
2017,CZE,LF,PS,_Z,Y,_T,Y15T64,_Z,A,5248.25
2017,DNK,LF,PS,_Z,Y,_T,Y15T64,_Z,A,2870.25
2017,ISL,LF,PS,_Z,Y,_T,Y15T64,_Z,A,188.5
2017,LTU,LF,PS,_Z,Y,_T,Y15T64,_Z,A,1408.5
2017,ESP,LF,PS,_Z,Y,_T,Y15T64,_Z,A,22558.25
2017,EA20,LF,PS,_Z,Y,_T,Y15T64,_Z,A,160944.0
2017,EU27_2020,LF,PS,_Z,Y,_T,Y15T64,_Z,A,206982.3
2017,BGR,LF,PS,_Z,Y,_T,Y15T64,_Z,A,3271.75
2012,CZE,LF,PS,_Z,Y,_T,Y15T64,_Z,A,5174.75
2012,DNK,LF,PS,_Z,Y,_T,Y15T64,_Z,A,2788.0
2012,LTU,LF,PS,_Z,Y,_T,Y15T64,_Z,A,1441.25
2012,ESP,LF,PS,_Z,Y,_T,Y15T64,_Z,A,23281.5
2012,CHE,LF,PS,_Z,Y,_T,Y15T64,_Z,A,4417.5
2012,EA20,LF,PS,_Z,Y,_T,Y15T64,_Z,A,159077.0
2012,EU27_2020,LF,PS,_Z,Y,_T,Y15T64,_Z,A,204138.3
2012,BGR,LF,PS,_Z,Y,_T,Y15T64,_Z,A,3297.25
2013,CZE,LF,PS,_Z,Y,_T,Y15T64,_Z,A,5213.5
2013,DNK,LF,PS,_Z,Y,_T,Y15T64,_Z,A,2767.5
2013,ISL,LF,PS,_Z,Y,_T,Y15T64,_Z,A,175.0
2013,LTU,LF,PS,_Z,Y,_T,Y15T64,_Z,A,1436.75
2013,ESP,LF,PS,_Z,Y,_T,Y15T64,_Z,A,23043.5
2013,CHE,LF,PS,_Z,Y,_T,Y15T64,_Z,A,4463.5
2013,EA20,LF,PS,_Z,Y,_T,Y15T64,_Z,A,159178.5
2013,EU27_2020,LF,PS,_Z,Y,_T,Y15T64,_Z,A,204414.0
2013,BGR,LF,PS,_Z,Y,_T,Y15T64,_Z,A,3316.5
2014,CZE,LF,PS,_Z,Y,_T,Y15T64,_Z,A,5205.75
2014,DNK,LF,PS,_Z,Y,_T,Y15T64,_Z,A,2776.75
2014,ISL,LF,PS,_Z,Y,_T,Y15T64,_Z,A,178.0
2014,ESP,LF,PS,_Z,Y,_T,Y15T64,_Z,A,22813.75
2014,CHE,LF,PS,_Z,Y,_T,Y15T64,_Z,A,4532.0
2014,EA20,LF,PS,_Z,Y,_T,Y15T64,_Z,A,159294.3
2014,EU27_2020,LF,PS,_Z,Y,_T,Y15T64,_Z,A,204819.8
2014,BGR,LF,PS,_Z,Y,_T,Y15T64,_Z,A,3303.25
2016,CZE,LF,PS,_Z,Y,_T,Y15T64,_Z,A,5226.5
2016,DNK,LF,PS,_Z,Y,_T,Y15T64,_Z,A,2842.25
2016,LTU,LF,PS,_Z,Y,_T,Y15T64,_Z,A,1433.25
2016,CHE,LF,PS,_Z,Y,_T,Y15T64,_Z,A,4660.0
2016,EA20,LF,PS,_Z,Y,_T,Y15T64,_Z,A,160603.3
2016,EU27_2020,LF,PS,_Z,Y,_T,Y15T64,_Z,A,206287.8
2016,BGR,LF,PS,_Z,Y,_T,Y15T64,_Z,A,3194.75
2020,CZE,LF,PS,_Z,Y,_T,Y15T64,_Z,A,5223.5
2020,DNK,LF,PS,_Z,Y,_T,Y15T64,_Z,A,2922.0
2020,LTU,LF,PS,_Z,Y,_T,Y15T64,_Z,A,1423.0
2020,ESP,LF,PS,_Z,Y,_T,Y15T64,_Z,A,22474.75
2020,CHE,LF,PS,_Z,Y,_T,Y15T64,_Z,A,4754.0
2020,EA20,LF,PS,_Z,Y,_T,Y15T64,_Z,A,159271.0
2020,EU27_2020,LF,PS,_Z,Y,_T,Y15T64,_Z,A,205349.8
2020,BGR,LF,PS,_Z,Y,_T,Y15T64,_Z,A,2987.5
2010,CZE,LF,PS,_Z,Y,_T,Y15T64,_Z,A,5192.25
2010,DNK,LF,PS,_Z,Y,_T,Y15T64,_Z,A,2821.5
2010,ISL,LF,PS,_Z,Y,_T,Y15T64,_Z,A,172.0
2010,LTU,LF,PS,_Z,Y,_T,Y15T64,_Z,A,1494.5
2010,ESP,LF,PS,_Z,Y,_T,Y15T64,_Z,A,23210.0
2010,CHE,LF,PS,_Z,Y,_T,Y15T64,_Z,A,4298.5
2010,EU27_2020,LF,PS,_Z,Y,_T,Y15T64,_Z,A,202826.3
2010,BGR,LF,PS,_Z,Y,_T,Y15T64,_Z,A,3378.5
2009,CZE,LF,PS,_Z,Y,_T,Y15T64,_Z,A,5208.75
2009,DNK,LF,PS,_Z,Y,_T,Y15T64,_Z,A,2844.75
2009,ISL,LF,PS,_Z,Y,_T,Y15T64,_Z,A,172.5
2009,LTU,LF,PS,_Z,Y,_T,Y15T64,_Z,A,1499.75
2009,ESP,LF,PS,_Z,Y,_T,Y15T64,_Z,A,23107.0
2009,EU27_2020,LF,PS,_Z,Y,_T,Y15T64,_Z,A,203824.5
2009,BGR,LF,PS,_Z,Y,_T,Y15T64,_Z,A,3432.0
